-- ŞikayetVar Veri Import
-- Export Tarihi: 2025-04-13_09-48-37
-- ---------------------------------------------------

-- award_types verilerini temizle
DELETE FROM award_types;
-- award_types verilerini import et
INSERT INTO award_types (id, name, description, icon_url, badge_url, color, points, created_at, is_system, icon, min_rate, max_rate, badge_color) VALUES
(11, 'Bronz Belediye Ödülü', 'Şikayet çözüm oranı %25 ile %50 arasında olan belediyeler', NULL, NULL, '#CD7F32', 100, '2025-04-11T20:30:18.184Z', FALSE, 'bronze_medal.png', '25.00', '49.99', '#CD7F32'),
(12, 'Gümüş Belediye Ödülü', 'Şikayet çözüm oranı %50 ile %75 arasında olan belediyeler', NULL, NULL, '#C0C0C0', 200, '2025-04-11T20:30:18.184Z', FALSE, 'silver_medal.png', '50.00', '74.99', '#C0C0C0'),
(13, 'Altın Belediye Ödülü', 'Şikayet çözüm oranı %75 ve üzerinde olan belediyeler', NULL, NULL, '#FFD700', 300, '2025-04-11T20:30:18.184Z', FALSE, 'gold_medal.png', '75.00', '100.00', '#FFD700'),
(14, 'Bronz Kupa', 'Sorun çözme oranı %25-49 arası olan belediyeler için verilen otomatik ödül.', NULL, NULL, '#CD7F32', 50, '2025-04-12T23:43:12.766Z', TRUE, 'bi-trophy', '0.00', '100.00', NULL),
(15, 'Gümüş Kupa', 'Sorun çözme oranı %50-74 arası olan belediyeler için verilen otomatik ödül.', NULL, NULL, '#C0C0C0', 100, '2025-04-12T23:43:12.922Z', TRUE, 'bi-trophy-fill', '0.00', '100.00', NULL),
(16, 'Altın Kupa', 'Sorun çözme oranı %75 ve üzeri olan belediyeler için verilen otomatik ödül.', NULL, NULL, '#FFD700', 200, '2025-04-12T23:43:13.070Z', TRUE, 'bi-trophy-fill', '0.00', '100.00', NULL);

-- banned_words verilerini temizle
DELETE FROM banned_words;
-- banned_words verilerini import et
INSERT INTO banned_words (id, word, created_at) VALUES
(1, 'küfür', '2025-04-09T18:59:03.592Z'),
(2, 'hakaret', '2025-04-09T18:59:03.592Z'),
(3, 'argo', '2025-04-09T18:59:03.592Z');

-- categories verilerini temizle
DELETE FROM categories;
-- categories verilerini import et
INSERT INTO categories (id, name, icon_name, created_at) VALUES
(1, 'Altyapı', 'construction', '2025-04-09T18:59:03.290Z'),
(2, 'Ulaşım', 'directions_bus', '2025-04-09T18:59:03.290Z'),
(3, 'Çevre', 'nature', '2025-04-09T18:59:03.290Z'),
(4, 'Güvenlik', 'security', '2025-04-09T18:59:03.290Z'),
(5, 'Sağlık', 'local_hospital', '2025-04-09T18:59:03.290Z'),
(6, 'Eğitim', 'school', '2025-04-09T18:59:03.290Z'),
(7, 'Kültür & Sanat', 'theater_comedy', '2025-04-09T18:59:03.290Z'),
(8, 'Sosyal Hizmetler', 'people', '2025-04-09T18:59:03.290Z'),
(9, 'Diğer', 'more_horiz', '2025-04-09T18:59:03.290Z');

-- cities verilerini temizle
DELETE FROM cities;
-- cities verilerini import et
INSERT INTO cities (id, name, created_at, description, population, area, mayor_name, mayor_party, website, phone, email, social_media, problem_solving_rate) VALUES
(4, 'OSMANİYE', '2025-04-10T00:23:01.107Z', NULL, 0, 0, NULL, NULL, NULL, NULL, NULL, NULL, 0),
(5, 'KOCAELİ', '2025-04-10T00:23:01.107Z', NULL, 0, 0, NULL, NULL, NULL, NULL, NULL, NULL, 0),
(6, 'GAZİANTEP', '2025-04-10T00:23:01.107Z', NULL, 0, 0, NULL, NULL, NULL, NULL, NULL, NULL, 33),
(7, 'HATAY', '2025-04-10T00:23:01.107Z', NULL, 0, 0, NULL, NULL, NULL, NULL, NULL, NULL, 0),
(8, 'KAYSERİ', '2025-04-10T00:23:01.107Z', NULL, 0, 0, NULL, NULL, NULL, NULL, NULL, NULL, 50),
(9, 'GÜMÜŞHANE', '2025-04-10T00:23:01.107Z', NULL, 0, 0, NULL, NULL, NULL, NULL, NULL, NULL, 0),
(10, 'SAKARYA', '2025-04-10T00:23:01.107Z', NULL, 0, 0, NULL, NULL, NULL, NULL, NULL, NULL, 0),
(11, 'BURSA', '2025-04-10T00:23:01.107Z', NULL, 0, 0, NULL, NULL, NULL, NULL, NULL, NULL, 0),
(12, 'BAYBURT', '2025-04-10T00:23:01.107Z', NULL, 0, 0, NULL, NULL, NULL, NULL, NULL, NULL, 0),
(13, 'ÇANAKKALE', '2025-04-10T00:23:01.107Z', NULL, 0, 0, NULL, NULL, NULL, NULL, NULL, NULL, 0),
(14, 'SİNOP', '2025-04-10T00:23:01.107Z', NULL, 0, 0, NULL, NULL, NULL, NULL, NULL, NULL, 0),
(15, 'BARTIN', '2025-04-10T00:23:01.107Z', NULL, 0, 0, NULL, NULL, NULL, NULL, NULL, NULL, 0),
(16, 'MAĞUSA (KIBRIS)', '2025-04-10T00:23:01.107Z', NULL, 0, 0, NULL, NULL, NULL, NULL, NULL, NULL, 0),
(17, 'MERSİN', '2025-04-10T00:23:01.107Z', NULL, 0, 0, NULL, NULL, NULL, NULL, NULL, NULL, 0),
(18, 'NİĞDE', '2025-04-10T00:23:01.107Z', NULL, 0, 0, NULL, NULL, NULL, NULL, NULL, NULL, 100),
(19, 'KONYA', '2025-04-10T00:23:01.107Z', NULL, 0, 0, NULL, NULL, NULL, NULL, NULL, NULL, 0),
(20, 'TOKAT', '2025-04-10T00:23:01.107Z', NULL, 0, 0, NULL, NULL, NULL, NULL, NULL, NULL, 0),
(21, 'ADIYAMAN', '2025-04-10T00:23:01.107Z', NULL, 0, 0, NULL, NULL, NULL, NULL, NULL, NULL, 0),
(22, 'ANKARA', '2025-04-10T00:23:01.107Z', NULL, 0, 0, NULL, NULL, NULL, NULL, NULL, NULL, 0),
(23, 'YOZGAT', '2025-04-10T00:23:01.107Z', NULL, 0, 0, NULL, NULL, NULL, NULL, NULL, NULL, 100),
(24, 'ORDU', '2025-04-10T00:23:01.107Z', NULL, 0, 0, NULL, NULL, NULL, NULL, NULL, NULL, 0),
(25, 'RİZE', '2025-04-10T00:23:01.107Z', NULL, 0, 0, NULL, NULL, NULL, NULL, NULL, NULL, 0),
(26, 'ADANA', '2025-04-10T00:23:01.107Z', 'Adana, Akdeniz bolgesinde yer alan, tarihi ve kulturel zenginlikleri olan bir ilimizdir.', 2201672, 14030, 'Zeydan Karalar', 'CHP', 'https://www.adana.bel.tr', '444 0 001', 'info@adana.bel.tr', '@adana', 0),
(85, 'test', '2025-04-11T13:00:09.483Z', NULL, 0, 0, NULL, NULL, NULL, NULL, NULL, NULL, 0),
(1, 'BURDUR', '2025-04-10T00:23:01.107Z', NULL, 0, 0, NULL, NULL, NULL, NULL, NULL, NULL, 0),
(2, 'ESKİŞEHİR', '2025-04-10T00:23:01.107Z', NULL, 0, 0, NULL, NULL, NULL, NULL, NULL, NULL, 33),
(3, 'ÇANKIRI', '2025-04-10T00:23:01.107Z', NULL, 0, 0, NULL, NULL, NULL, NULL, NULL, NULL, 0),
(57, 'AFYONKARAHİSAR', '2025-04-10T00:23:01.107Z', NULL, 0, 0, NULL, NULL, NULL, NULL, NULL, NULL, 100),
(58, 'ARTVİN', '2025-04-10T00:23:01.107Z', NULL, 0, 0, NULL, NULL, NULL, NULL, NULL, NULL, 0),
(59, 'AĞRI', '2025-04-10T00:23:01.107Z', NULL, 0, 0, NULL, NULL, NULL, NULL, NULL, NULL, 0),
(60, 'YALOVA', '2025-04-10T00:23:01.107Z', NULL, 0, 0, NULL, NULL, NULL, NULL, NULL, NULL, 0),
(61, 'NEVŞEHİR', '2025-04-10T00:23:01.107Z', NULL, 0, 0, NULL, NULL, NULL, NULL, NULL, NULL, 0),
(62, 'TRABZON', '2025-04-10T00:23:01.107Z', NULL, 0, 0, NULL, NULL, NULL, NULL, NULL, NULL, 0),
(63, 'SİVAS', '2025-04-10T00:23:01.107Z', NULL, 0, 0, NULL, NULL, NULL, NULL, NULL, NULL, 0),
(64, 'ANTALYA', '2025-04-10T00:23:01.107Z', NULL, 0, 0, NULL, NULL, NULL, NULL, NULL, NULL, 0),
(65, 'KASTAMONU', '2025-04-10T00:23:01.107Z', NULL, 0, 0, NULL, NULL, NULL, NULL, NULL, NULL, 0),
(66, 'MARDİN', '2025-04-10T00:23:01.107Z', NULL, 0, 0, NULL, NULL, NULL, NULL, NULL, NULL, 0),
(67, 'KAHRAMANMARAŞ', '2025-04-10T00:23:01.107Z', NULL, 0, 0, NULL, NULL, NULL, NULL, NULL, NULL, 0),
(68, 'ERZURUM', '2025-04-10T00:23:01.107Z', NULL, 0, 0, NULL, NULL, NULL, NULL, NULL, NULL, 0),
(69, 'ARDAHAN', '2025-04-10T00:23:01.107Z', NULL, 0, 0, NULL, NULL, NULL, NULL, NULL, NULL, 0),
(70, 'DÜZCE', '2025-04-10T00:23:01.107Z', NULL, 0, 0, NULL, NULL, NULL, NULL, NULL, NULL, 0),
(27, 'KIRŞEHİR', '2025-04-10T00:23:01.107Z', NULL, 0, 0, NULL, NULL, NULL, NULL, NULL, NULL, 0),
(28, 'IĞDIR', '2025-04-10T00:23:01.107Z', NULL, 0, 0, NULL, NULL, NULL, NULL, NULL, NULL, 0),
(29, 'MANİSA', '2025-04-10T00:23:01.107Z', NULL, 0, 0, NULL, NULL, NULL, NULL, NULL, NULL, 0),
(30, 'DİYARBAKIR', '2025-04-10T00:23:01.107Z', NULL, 0, 0, NULL, NULL, NULL, NULL, NULL, NULL, 0),
(31, 'UŞAK', '2025-04-10T00:23:01.107Z', NULL, 0, 0, NULL, NULL, NULL, NULL, NULL, NULL, 0),
(32, 'LEFKOŞE (KIBRIS)', '2025-04-10T00:23:01.107Z', NULL, 0, 0, NULL, NULL, NULL, NULL, NULL, NULL, 0),
(33, 'AMASYA', '2025-04-10T00:23:01.107Z', NULL, 0, 0, NULL, NULL, NULL, NULL, NULL, NULL, 0),
(34, 'ERZİNCAN', '2025-04-10T00:23:01.107Z', NULL, 0, 0, NULL, NULL, NULL, NULL, NULL, NULL, 75),
(35, 'ISPARTA', '2025-04-10T00:23:01.107Z', NULL, 0, 0, NULL, NULL, NULL, NULL, NULL, NULL, 0),
(36, 'GİRNE (KIBRIS)', '2025-04-10T00:23:01.107Z', NULL, 0, 0, NULL, NULL, NULL, NULL, NULL, NULL, 0),
(37, 'ELAZIĞ', '2025-04-10T00:23:01.107Z', NULL, 0, 0, NULL, NULL, NULL, NULL, NULL, NULL, 0),
(38, 'KARABÜK', '2025-04-10T00:23:01.107Z', NULL, 0, 0, NULL, NULL, NULL, NULL, NULL, NULL, 0),
(39, 'HAKKARİ', '2025-04-10T00:23:01.107Z', NULL, 0, 0, NULL, NULL, NULL, NULL, NULL, NULL, 0),
(40, 'KARS', '2025-04-10T00:23:01.107Z', NULL, 0, 0, NULL, NULL, NULL, NULL, NULL, NULL, 0),
(41, 'ZONGULDAK', '2025-04-10T00:23:01.107Z', NULL, 0, 0, NULL, NULL, NULL, NULL, NULL, NULL, 0),
(42, 'AKSARAY', '2025-04-10T00:23:01.107Z', NULL, 0, 0, NULL, NULL, NULL, NULL, NULL, NULL, 0),
(43, 'MALATYA', '2025-04-10T00:23:01.107Z', NULL, 0, 0, NULL, NULL, NULL, NULL, NULL, NULL, 0),
(44, 'BALIKESİR', '2025-04-10T00:23:01.107Z', NULL, 0, 0, NULL, NULL, NULL, NULL, NULL, NULL, 0),
(45, 'DENİZLİ', '2025-04-10T00:23:01.107Z', NULL, 0, 0, NULL, NULL, NULL, NULL, NULL, NULL, 0),
(46, 'MUŞ', '2025-04-10T00:23:01.107Z', NULL, 0, 0, NULL, NULL, NULL, NULL, NULL, NULL, 0),
(47, 'ŞIRNAK', '2025-04-10T00:23:01.107Z', NULL, 0, 0, NULL, NULL, NULL, NULL, NULL, NULL, 0),
(48, 'MUĞLA', '2025-04-10T00:23:01.107Z', NULL, 0, 0, NULL, NULL, NULL, NULL, NULL, NULL, 0),
(49, 'TEKİRDAĞ', '2025-04-10T00:23:01.107Z', NULL, 0, 0, NULL, NULL, NULL, NULL, NULL, NULL, 0),
(50, 'KIRKLARELİ', '2025-04-10T00:23:01.107Z', NULL, 0, 0, NULL, NULL, NULL, NULL, NULL, NULL, 0),
(51, 'SİİRT', '2025-04-10T00:23:01.107Z', NULL, 0, 0, NULL, NULL, NULL, NULL, NULL, NULL, 0),
(52, 'GİRESUN', '2025-04-10T00:23:01.107Z', NULL, 0, 0, NULL, NULL, NULL, NULL, NULL, NULL, 0),
(53, 'ŞANLIURFA', '2025-04-10T00:23:01.107Z', NULL, 0, 0, NULL, NULL, NULL, NULL, NULL, NULL, 0),
(54, 'AYDIN', '2025-04-10T00:23:01.107Z', NULL, 0, 0, NULL, NULL, NULL, NULL, NULL, NULL, 0),
(55, 'BATMAN', '2025-04-10T00:23:01.107Z', NULL, 0, 0, NULL, NULL, NULL, NULL, NULL, NULL, 0),
(56, 'BİTLİS', '2025-04-10T00:23:01.107Z', NULL, 0, 0, NULL, NULL, NULL, NULL, NULL, NULL, 0),
(71, 'SAMSUN', '2025-04-10T00:23:01.107Z', NULL, 0, 0, NULL, NULL, NULL, NULL, NULL, NULL, 0),
(72, 'ÇORUM', '2025-04-10T00:23:01.107Z', NULL, 0, 0, NULL, NULL, NULL, NULL, NULL, NULL, 0),
(73, 'VAN', '2025-04-10T00:23:01.107Z', NULL, 0, 0, NULL, NULL, NULL, NULL, NULL, NULL, 0),
(74, 'BOLU', '2025-04-10T00:23:01.107Z', NULL, 0, 0, NULL, NULL, NULL, NULL, NULL, NULL, 0),
(75, 'KÜTAHYA', '2025-04-10T00:23:01.107Z', NULL, 0, 0, NULL, NULL, NULL, NULL, NULL, NULL, 0),
(76, 'BİLECİK', '2025-04-10T00:23:01.107Z', NULL, 0, 0, NULL, NULL, NULL, NULL, NULL, NULL, 0),
(77, 'İSTANBUL', '2025-04-10T00:23:01.107Z', NULL, 0, 0, NULL, NULL, NULL, NULL, NULL, NULL, 0),
(78, 'KİLİS', '2025-04-10T00:23:01.107Z', NULL, 0, 0, NULL, NULL, NULL, NULL, NULL, NULL, 0),
(79, 'TUNCELİ', '2025-04-10T00:23:01.107Z', NULL, 0, 0, NULL, NULL, NULL, NULL, NULL, NULL, 0),
(80, 'BİNGÖL', '2025-04-10T00:23:01.107Z', NULL, 0, 0, NULL, NULL, NULL, NULL, NULL, NULL, 0),
(81, 'EDİRNE', '2025-04-10T00:23:01.107Z', NULL, 0, 0, NULL, NULL, NULL, NULL, NULL, NULL, 0),
(82, 'KIRIKKALE', '2025-04-10T00:23:01.107Z', NULL, 0, 0, NULL, NULL, NULL, NULL, NULL, NULL, 0),
(83, 'KARAMAN', '2025-04-10T00:23:01.107Z', NULL, 0, 0, NULL, NULL, NULL, NULL, NULL, NULL, 0),
(84, 'İZMİR', '2025-04-10T00:23:01.107Z', NULL, 0, 0, NULL, NULL, NULL, NULL, NULL, NULL, 0);

-- city_awards verilerini temizle
DELETE FROM city_awards;
-- city_awards verilerini import et
INSERT INTO city_awards (id, city_id, award_type_id, title, description, award_date, issuer, certificate_url, featured, project_id, created_at, expiry_date) VALUES
(4, 57, 13, 'Altın Belediye Ödülü Ödülü', 'AFYONKARAHİSAR Şikayet çözüm oranı %75 ve üzerinde olan belediyeler', '2025-04-12T00:00:00.000Z', NULL, NULL, FALSE, NULL, '2025-04-12T08:11:33.770Z', '2025-05-12T00:00:00.000Z'),
(5, 57, 13, 'Altın Belediye Ödülü Ödülü', 'AFYONKARAHİSAR Şikayet çözüm oranı %75 ve üzerinde olan belediyeler', '2025-04-12T00:00:00.000Z', NULL, NULL, FALSE, NULL, '2025-04-12T08:12:02.786Z', '2025-05-12T00:00:00.000Z');

-- city_events verilerini temizle
DELETE FROM city_events;
-- city_events verilerini import et
-- city_projects verilerini temizle
DELETE FROM city_projects;
-- city_projects verilerini import et
INSERT INTO city_projects (id, city_id, name, description, status, budget, start_date, end_date, created_at, updated_at) VALUES
(1, 26, 'TEST', 'Test proje', 'planned', '1500000.00', '2025-04-18T00:00:00.000Z', '2026-07-01T00:00:00.000Z', '2025-04-11T18:18:11.569Z', '2025-04-11T18:18:11.569Z');

-- city_services verilerini temizle
DELETE FROM city_services;
-- city_services verilerini import et
-- city_stats verilerini temizle
DELETE FROM city_stats;
-- city_stats verilerini import et
-- comments verilerini temizle
DELETE FROM comments;
-- comments verilerini import et
INSERT INTO comments (id, post_id, user_id, content, like_count, is_hidden, created_at, parent_id, is_anonymous) VALUES
(21, 83, 135, 'Farklı kanallardan da şikayet edelim, sosyal medyadan da duyuralım.', 0, FALSE, '2025-04-11T20:28:28.663Z', NULL, FALSE),
(22, 86, 141, 'Geçen ay da aynı sorun yaşanmıştı, kısa sürede düzeltilmişti. Umarım yine çözülür.', 0, FALSE, '2025-04-11T20:28:28.663Z', NULL, FALSE),
(23, 80, 142, 'Geçen ay da aynı sorun yaşanmıştı, kısa sürede düzeltilmişti. Umarım yine çözülür.', 0, FALSE, '2025-04-11T20:28:28.663Z', NULL, FALSE),
(24, 83, 137, 'Bence bu sorun bir an önce çözülmeli. Çok uzun süredir devam ediyor.', 0, FALSE, '2025-04-11T20:28:28.663Z', NULL, FALSE),
(25, 83, 141, 'Geçen ay da aynı sorun yaşanmıştı, kısa sürede düzeltilmişti. Umarım yine çözülür.', 0, FALSE, '2025-04-11T20:28:28.663Z', NULL, FALSE),
(26, 86, 136, 'Geçen ay da aynı sorun yaşanmıştı, kısa sürede düzeltilmişti. Umarım yine çözülür.', 0, FALSE, '2025-04-11T20:28:28.663Z', NULL, FALSE),
(27, 88, 143, 'Belediyenin çağrı merkezini denediniz mi? Bazen hızlı yanıt veriyorlar.', 0, FALSE, '2025-04-11T20:28:28.663Z', NULL, FALSE),
(28, 86, 142, 'Bu şikayeti destekliyorum, aynı sorundan biz de muzdaripiz.', 0, FALSE, '2025-04-11T20:28:28.663Z', NULL, FALSE),
(29, 82, 142, 'Bu şikayeti destekliyorum, aynı sorundan biz de muzdaripiz.', 0, FALSE, '2025-04-11T20:28:28.663Z', NULL, FALSE),
(30, 86, 139, 'Mahalle muhtarına da bildirdiniz mi? Bazen araya girerek yardımcı olabiliyorlar.', 0, FALSE, '2025-04-11T20:28:28.663Z', NULL, FALSE),
(31, 85, 139, 'Mahalle muhtarına da bildirdiniz mi? Bazen araya girerek yardımcı olabiliyorlar.', 0, FALSE, '2025-04-11T20:28:28.663Z', NULL, FALSE),
(32, 83, 143, 'Bu konuda yapılan bir çalışma var mı? Bilgi sahibi olan var mı?', 0, FALSE, '2025-04-11T20:28:28.663Z', NULL, FALSE),
(33, 88, 141, 'Bu sorunu ben de yaşıyorum. Belediye bu konuyla ilgilenmeli.', 0, FALSE, '2025-04-11T20:28:28.663Z', NULL, FALSE),
(34, 79, 135, 'Mahalle muhtarına da bildirdiniz mi? Bazen araya girerek yardımcı olabiliyorlar.', 0, FALSE, '2025-04-11T20:28:28.663Z', NULL, FALSE),
(35, 85, 136, 'Bence bu sorun bir an önce çözülmeli. Çok uzun süredir devam ediyor.', 0, FALSE, '2025-04-11T20:28:28.663Z', NULL, FALSE),
(36, 85, 137, 'Sorununuzu anlıyorum, bence bir imza kampanyası başlatalım.', 0, FALSE, '2025-04-11T20:28:28.663Z', NULL, FALSE),
(37, 82, 144, 'Bence bu sorun bir an önce çözülmeli. Çok uzun süredir devam ediyor.', 0, FALSE, '2025-04-11T20:28:28.663Z', NULL, FALSE),
(38, 82, 139, 'Bu konuda bir gelişme oldu mu? Bizim bölgede de benzer sıkıntılar var.', 0, FALSE, '2025-04-11T20:28:28.663Z', NULL, FALSE),
(39, 88, 136, 'Bu konuda bir gelişme oldu mu? Bizim bölgede de benzer sıkıntılar var.', 0, FALSE, '2025-04-11T20:28:28.663Z', NULL, FALSE),
(40, 84, 143, 'Bu sorun gerçekten can sıkıcı, yetkililerin dikkate almasını umuyorum.', 0, FALSE, '2025-04-11T20:28:28.663Z', NULL, FALSE),
(41, 79, 1, 'Merhaba', 0, FALSE, '2025-04-13T08:11:52.462Z', 34, FALSE),
(42, 79, 1, 'anonim', 0, FALSE, '2025-04-13T08:12:06.224Z', 34, TRUE);

-- districts verilerini temizle
DELETE FROM districts;
-- districts verilerini import et
INSERT INTO districts (id, name, city_id, created_at, problem_solving_rate) VALUES
(1, 'ALADAĞ', 26, '2025-04-10T00:23:01.107Z', 35),
(2, 'CEYHAN', 26, '2025-04-10T00:23:01.107Z', 95),
(3, 'ÇUKUROVA', 26, '2025-04-10T00:23:01.107Z', 8),
(4, 'FEKE', 26, '2025-04-10T00:23:01.107Z', 90),
(5, 'İMAMOĞLU', 26, '2025-04-10T00:23:01.107Z', 61),
(6, 'KARAİSALI', 26, '2025-04-10T00:23:01.107Z', 45),
(7, 'KARATAŞ', 26, '2025-04-10T00:23:01.107Z', 51),
(8, 'KOZAN', 26, '2025-04-10T00:23:01.107Z', 9),
(9, 'POZANTI', 26, '2025-04-10T00:23:01.107Z', 8),
(10, 'SAİMBEYLİ', 26, '2025-04-10T00:23:01.107Z', 68),
(11, 'SARIÇAM', 26, '2025-04-10T00:23:01.107Z', 54),
(12, 'SEYHAN', 26, '2025-04-10T00:23:01.107Z', 21),
(13, 'TUFANBEYLİ', 26, '2025-04-10T00:23:01.107Z', 82),
(14, 'YUMURTALIK', 26, '2025-04-10T00:23:01.107Z', 51),
(15, 'YÜREĞİR', 26, '2025-04-10T00:23:01.107Z', 57),
(16, 'BESNİ', 21, '2025-04-10T00:23:01.107Z', 71),
(17, 'ÇELİKHAN', 21, '2025-04-10T00:23:01.107Z', 57),
(18, 'GERGER', 21, '2025-04-10T00:23:01.107Z', 5),
(19, 'GÖLBAŞI', 21, '2025-04-10T00:23:01.107Z', 23),
(20, 'KAHTA', 21, '2025-04-10T00:23:01.107Z', 26),
(21, 'MERKEZ', 21, '2025-04-10T00:23:01.107Z', 50),
(22, 'SAMSAT', 21, '2025-04-10T00:23:01.107Z', 39),
(23, 'SİNCİK', 21, '2025-04-10T00:23:01.107Z', 12),
(24, 'TUT', 21, '2025-04-10T00:23:01.107Z', 87),
(25, 'BAŞMAKÇI', 57, '2025-04-10T00:23:01.107Z', 87),
(26, 'BAYAT', 57, '2025-04-10T00:23:01.107Z', 62),
(27, 'BOLVADİN', 57, '2025-04-10T00:23:01.107Z', 85),
(28, 'ÇAY', 57, '2025-04-10T00:23:01.107Z', 2),
(29, 'ÇOBANLAR', 57, '2025-04-10T00:23:01.107Z', 17),
(30, 'DAZKIRI', 57, '2025-04-10T00:23:01.107Z', 72),
(31, 'DİNAR', 57, '2025-04-10T00:23:01.107Z', 8),
(32, 'EMİRDAĞ', 57, '2025-04-10T00:23:01.107Z', 92),
(33, 'EVCİLER', 57, '2025-04-10T00:23:01.107Z', 43),
(34, 'HOCALAR', 57, '2025-04-10T00:23:01.107Z', 7),
(35, 'İHSANİYE', 57, '2025-04-10T00:23:01.107Z', 93),
(36, 'İSCEHİSAR', 57, '2025-04-10T00:23:01.107Z', 65),
(37, 'KIZILÖREN', 57, '2025-04-10T00:23:01.107Z', 86),
(38, 'MERKEZ', 57, '2025-04-10T00:23:01.107Z', 91),
(39, 'SANDIKLI', 57, '2025-04-10T00:23:01.107Z', 70),
(40, 'SİNANPAŞA', 57, '2025-04-10T00:23:01.107Z', 4),
(41, 'SULTANDAĞI', 57, '2025-04-10T00:23:01.107Z', 92),
(42, 'ŞUHUT', 57, '2025-04-10T00:23:01.107Z', 94),
(43, 'DİYADİN', 59, '2025-04-10T00:23:01.107Z', 53),
(44, 'DOĞUBAYAZIT', 59, '2025-04-10T00:23:01.107Z', 64),
(45, 'ELEŞKİRT', 59, '2025-04-10T00:23:01.107Z', 78),
(46, 'HAMUR', 59, '2025-04-10T00:23:01.107Z', 78),
(47, 'MERKEZ', 59, '2025-04-10T00:23:01.107Z', 72),
(48, 'PATNOS', 59, '2025-04-10T00:23:01.107Z', 26),
(49, 'TAŞLIÇAY', 59, '2025-04-10T00:23:01.107Z', 89),
(50, 'TUTAK', 59, '2025-04-10T00:23:01.107Z', 12),
(51, 'GÖYNÜCEK', 33, '2025-04-10T00:23:01.107Z', 63),
(52, 'GÜMÜŞHACIKÖY', 33, '2025-04-10T00:23:01.107Z', 86),
(53, 'HAMAMÖZÜ', 33, '2025-04-10T00:23:01.107Z', 71),
(54, 'MERKEZ', 33, '2025-04-10T00:23:01.107Z', 44),
(55, 'MERZİFON', 33, '2025-04-10T00:23:01.107Z', 52),
(56, 'SULUOVA', 33, '2025-04-10T00:23:01.107Z', 10),
(57, 'TAŞOVA', 33, '2025-04-10T00:23:01.107Z', 39),
(58, 'AKYURT', 22, '2025-04-10T00:23:01.107Z', 55),
(59, 'ALTINDAĞ', 22, '2025-04-10T00:23:01.107Z', 12),
(60, 'AYAŞ', 22, '2025-04-10T00:23:01.107Z', 31),
(61, 'BALA', 22, '2025-04-10T00:23:01.107Z', 47),
(62, 'BEYPAZARI', 22, '2025-04-10T00:23:01.107Z', 62),
(63, 'ÇAMLIDERE', 22, '2025-04-10T00:23:01.107Z', 24),
(64, 'ÇANKAYA', 22, '2025-04-10T00:23:01.107Z', 6),
(65, 'ÇUBUK', 22, '2025-04-10T00:23:01.107Z', 29),
(66, 'ELMADAĞ', 22, '2025-04-10T00:23:01.107Z', 87),
(67, 'ETİMESGUT', 22, '2025-04-10T00:23:01.107Z', 49),
(68, 'EVREN', 22, '2025-04-10T00:23:01.107Z', 0),
(69, 'GÖLBAŞI', 22, '2025-04-10T00:23:01.107Z', 47),
(70, 'GÜDÜL', 22, '2025-04-10T00:23:01.107Z', 2),
(71, 'HAYMANA', 22, '2025-04-10T00:23:01.107Z', 72),
(72, 'KAHRAMANKAZAN', 22, '2025-04-10T00:23:01.107Z', 90),
(73, 'KALECİK', 22, '2025-04-10T00:23:01.107Z', 80),
(74, 'KEÇİÖREN', 22, '2025-04-10T00:23:01.107Z', 87),
(75, 'KIZILCAHAMAM', 22, '2025-04-10T00:23:01.107Z', 24),
(76, 'MAMAK', 22, '2025-04-10T00:23:01.107Z', 67),
(77, 'NALLIHAN', 22, '2025-04-10T00:23:01.107Z', 37),
(78, 'POLATLI', 22, '2025-04-10T00:23:01.107Z', 27),
(79, 'PURSAKLAR', 22, '2025-04-10T00:23:01.107Z', 22),
(80, 'SİNCAN', 22, '2025-04-10T00:23:01.107Z', 4),
(81, 'ŞEREFLİKOÇHİSAR', 22, '2025-04-10T00:23:01.107Z', 89),
(82, 'YENİMAHALLE', 22, '2025-04-10T00:23:01.107Z', 97),
(83, 'AKSEKİ', 64, '2025-04-10T00:23:01.107Z', 86),
(84, 'AKSU', 64, '2025-04-10T00:23:01.107Z', 98),
(85, 'ALANYA', 64, '2025-04-10T00:23:01.107Z', 3),
(86, 'DEMRE', 64, '2025-04-10T00:23:01.107Z', 23),
(87, 'DÖŞEMEALTI', 64, '2025-04-10T00:23:01.107Z', 29),
(88, 'ELMALI', 64, '2025-04-10T00:23:01.107Z', 25),
(89, 'FİNİKE', 64, '2025-04-10T00:23:01.107Z', 49),
(90, 'GAZİPAŞA', 64, '2025-04-10T00:23:01.107Z', 32),
(91, 'GÜNDOĞMUŞ', 64, '2025-04-10T00:23:01.107Z', 35),
(92, 'İBRADI', 64, '2025-04-10T00:23:01.107Z', 54),
(93, 'KAŞ', 64, '2025-04-10T00:23:01.107Z', 46),
(94, 'KEMER', 64, '2025-04-10T00:23:01.107Z', 43),
(95, 'KEPEZ', 64, '2025-04-10T00:23:01.107Z', 67),
(96, 'KONYAALTI', 64, '2025-04-10T00:23:01.107Z', 36),
(97, 'KORKUTELİ', 64, '2025-04-10T00:23:01.107Z', 0),
(98, 'KUMLUCA', 64, '2025-04-10T00:23:01.107Z', 54),
(99, 'MANAVGAT', 64, '2025-04-10T00:23:01.107Z', 32),
(100, 'MURATPAŞA', 64, '2025-04-10T00:23:01.107Z', 38);

INSERT INTO districts (id, name, city_id, created_at, problem_solving_rate) VALUES
(101, 'SERİK', 64, '2025-04-10T00:23:01.107Z', 0),
(102, 'ARDANUÇ', 58, '2025-04-10T00:23:01.107Z', 47),
(103, 'ARHAVİ', 58, '2025-04-10T00:23:01.107Z', 92),
(104, 'BORÇKA', 58, '2025-04-10T00:23:01.107Z', 84),
(105, 'HOPA', 58, '2025-04-10T00:23:01.107Z', 9),
(106, 'KEMALPAŞA', 58, '2025-04-10T00:23:01.107Z', 7),
(107, 'MERKEZ', 58, '2025-04-10T00:23:01.107Z', 60),
(108, 'MURGUL', 58, '2025-04-10T00:23:01.107Z', 20),
(109, 'ŞAVŞAT', 58, '2025-04-10T00:23:01.107Z', 42),
(110, 'YUSUFELİ', 58, '2025-04-10T00:23:01.107Z', 39),
(111, 'BOZDOĞAN', 54, '2025-04-10T00:23:01.107Z', 24),
(112, 'BUHARKENT', 54, '2025-04-10T00:23:01.107Z', 26),
(113, 'ÇİNE', 54, '2025-04-10T00:23:01.107Z', 72),
(114, 'DİDİM', 54, '2025-04-10T00:23:01.107Z', 13),
(115, 'EFELER', 54, '2025-04-10T00:23:01.107Z', 34),
(116, 'GERMENCİK', 54, '2025-04-10T00:23:01.107Z', 61),
(117, 'İNCİRLİOVA', 54, '2025-04-10T00:23:01.107Z', 58),
(118, 'KARACASU', 54, '2025-04-10T00:23:01.107Z', 20),
(119, 'KARPUZLU', 54, '2025-04-10T00:23:01.107Z', 99),
(120, 'KOÇARLI', 54, '2025-04-10T00:23:01.107Z', 18),
(121, 'KÖŞK', 54, '2025-04-10T00:23:01.107Z', 1),
(122, 'KUŞADASI', 54, '2025-04-10T00:23:01.107Z', 34),
(123, 'KUYUCAK', 54, '2025-04-10T00:23:01.107Z', 77),
(124, 'NAZİLLİ', 54, '2025-04-10T00:23:01.107Z', 64),
(125, 'SÖKE', 54, '2025-04-10T00:23:01.107Z', 49),
(126, 'SULTANHİSAR', 54, '2025-04-10T00:23:01.107Z', 36),
(127, 'YENİPAZAR', 54, '2025-04-10T00:23:01.107Z', 10),
(128, 'ALTIEYLÜL', 44, '2025-04-10T00:23:01.107Z', 97),
(129, 'AYVALIK', 44, '2025-04-10T00:23:01.107Z', 49),
(130, 'BALYA', 44, '2025-04-10T00:23:01.107Z', 50),
(131, 'BANDIRMA', 44, '2025-04-10T00:23:01.107Z', 44),
(132, 'BİGADİÇ', 44, '2025-04-10T00:23:01.107Z', 12),
(133, 'BURHANİYE', 44, '2025-04-10T00:23:01.107Z', 3),
(134, 'DURSUNBEY', 44, '2025-04-10T00:23:01.107Z', 77),
(135, 'EDREMİT', 44, '2025-04-10T00:23:01.107Z', 55),
(136, 'ERDEK', 44, '2025-04-10T00:23:01.107Z', 67),
(137, 'GÖMEÇ', 44, '2025-04-10T00:23:01.107Z', 22),
(138, 'GÖNEN', 44, '2025-04-10T00:23:01.107Z', 77),
(139, 'HAVRAN', 44, '2025-04-10T00:23:01.107Z', 88),
(140, 'İVRİNDİ', 44, '2025-04-10T00:23:01.107Z', 76),
(141, 'KARESİ', 44, '2025-04-10T00:23:01.107Z', 29),
(142, 'KEPSUT', 44, '2025-04-10T00:23:01.107Z', 30),
(143, 'MANYAS', 44, '2025-04-10T00:23:01.107Z', 70),
(144, 'MARMARA', 44, '2025-04-10T00:23:01.107Z', 71),
(145, 'SAVAŞTEPE', 44, '2025-04-10T00:23:01.107Z', 39),
(146, 'SINDIRGI', 44, '2025-04-10T00:23:01.107Z', 96),
(147, 'SUSURLUK', 44, '2025-04-10T00:23:01.107Z', 22),
(148, 'BOZÜYÜK', 76, '2025-04-10T00:23:01.107Z', 8),
(149, 'GÖLPAZARI', 76, '2025-04-10T00:23:01.107Z', 93),
(150, 'İNHİSAR', 76, '2025-04-10T00:23:01.107Z', 8),
(151, 'MERKEZ', 76, '2025-04-10T00:23:01.107Z', 1),
(152, 'OSMANELİ', 76, '2025-04-10T00:23:01.107Z', 81),
(153, 'PAZARYERİ', 76, '2025-04-10T00:23:01.107Z', 20),
(154, 'SÖĞÜT', 76, '2025-04-10T00:23:01.107Z', 17),
(155, 'YENİPAZAR', 76, '2025-04-10T00:23:01.107Z', 95),
(156, 'ADAKLI', 80, '2025-04-10T00:23:01.107Z', 16),
(157, 'GENÇ', 80, '2025-04-10T00:23:01.107Z', 12),
(158, 'KARLIOVA', 80, '2025-04-10T00:23:01.107Z', 12),
(159, 'KİĞI', 80, '2025-04-10T00:23:01.107Z', 1),
(160, 'MERKEZ', 80, '2025-04-10T00:23:01.107Z', 11),
(161, 'SOLHAN', 80, '2025-04-10T00:23:01.107Z', 93),
(162, 'YAYLADERE', 80, '2025-04-10T00:23:01.107Z', 63),
(163, 'YEDİSU', 80, '2025-04-10T00:23:01.107Z', 63),
(164, 'ADİLCEVAZ', 56, '2025-04-10T00:23:01.107Z', 89),
(165, 'AHLAT', 56, '2025-04-10T00:23:01.107Z', 22),
(166, 'GÜROYMAK', 56, '2025-04-10T00:23:01.107Z', 34),
(167, 'HİZAN', 56, '2025-04-10T00:23:01.107Z', 36),
(168, 'MERKEZ', 56, '2025-04-10T00:23:01.107Z', 51),
(169, 'MUTKİ', 56, '2025-04-10T00:23:01.107Z', 42),
(170, 'TATVAN', 56, '2025-04-10T00:23:01.107Z', 64),
(171, 'DÖRTDİVAN', 74, '2025-04-10T00:23:01.107Z', 41),
(172, 'GEREDE', 74, '2025-04-10T00:23:01.107Z', 83),
(173, 'GÖYNÜK', 74, '2025-04-10T00:23:01.107Z', 21),
(174, 'KIBRISCIK', 74, '2025-04-10T00:23:01.107Z', 95),
(175, 'MENGEN', 74, '2025-04-10T00:23:01.107Z', 51),
(176, 'MERKEZ', 74, '2025-04-10T00:23:01.107Z', 35),
(177, 'MUDURNU', 74, '2025-04-10T00:23:01.107Z', 58),
(178, 'SEBEN', 74, '2025-04-10T00:23:01.107Z', 83),
(179, 'YENİÇAĞA', 74, '2025-04-10T00:23:01.107Z', 52),
(180, 'AĞLASUN', 1, '2025-04-10T00:23:01.107Z', 11),
(181, 'ALTINYAYLA', 1, '2025-04-10T00:23:01.107Z', 7),
(182, 'BUCAK', 1, '2025-04-10T00:23:01.107Z', 7),
(183, 'ÇAVDIR', 1, '2025-04-10T00:23:01.107Z', 1),
(184, 'ÇELTİKÇİ', 1, '2025-04-10T00:23:01.107Z', 6),
(185, 'GÖLHİSAR', 1, '2025-04-10T00:23:01.107Z', 84),
(186, 'KARAMANLI', 1, '2025-04-10T00:23:01.107Z', 77),
(187, 'KEMER', 1, '2025-04-10T00:23:01.107Z', 34),
(188, 'MERKEZ', 1, '2025-04-10T00:23:01.107Z', 75),
(189, 'TEFENNİ', 1, '2025-04-10T00:23:01.107Z', 51),
(190, 'YEŞİLOVA', 1, '2025-04-10T00:23:01.107Z', 90),
(191, 'BÜYÜKORHAN', 11, '2025-04-10T00:23:01.107Z', 79),
(192, 'GEMLİK', 11, '2025-04-10T00:23:01.107Z', 73),
(193, 'GÜRSU', 11, '2025-04-10T00:23:01.107Z', 38),
(194, 'HARMANCIK', 11, '2025-04-10T00:23:01.107Z', 21),
(195, 'İNEGÖL', 11, '2025-04-10T00:23:01.107Z', 14),
(196, 'İZNİK', 11, '2025-04-10T00:23:01.107Z', 58),
(197, 'KARACABEY', 11, '2025-04-10T00:23:01.107Z', 41),
(198, 'KELES', 11, '2025-04-10T00:23:01.107Z', 44),
(199, 'KESTEL', 11, '2025-04-10T00:23:01.107Z', 75),
(200, 'MUDANYA', 11, '2025-04-10T00:23:01.107Z', 52);

INSERT INTO districts (id, name, city_id, created_at, problem_solving_rate) VALUES
(201, 'MUSTAFAKEMALPAŞA', 11, '2025-04-10T00:23:01.107Z', 48),
(202, 'NİLÜFER', 11, '2025-04-10T00:23:01.107Z', 4),
(203, 'ORHANELİ', 11, '2025-04-10T00:23:01.107Z', 72),
(204, 'ORHANGAZİ', 11, '2025-04-10T00:23:01.107Z', 37),
(205, 'OSMANGAZİ', 11, '2025-04-10T00:23:01.107Z', 81),
(206, 'YENİŞEHİR', 11, '2025-04-10T00:23:01.107Z', 79),
(207, 'YILDIRIM', 11, '2025-04-10T00:23:01.107Z', 54),
(208, 'AYVACIK', 13, '2025-04-10T00:23:01.107Z', 22),
(209, 'BAYRAMİÇ', 13, '2025-04-10T00:23:01.107Z', 72),
(210, 'BİGA', 13, '2025-04-10T00:23:01.107Z', 47),
(211, 'BOZCAADA', 13, '2025-04-10T00:23:01.107Z', 86),
(212, 'ÇAN', 13, '2025-04-10T00:23:01.107Z', 99),
(213, 'ECEABAT', 13, '2025-04-10T00:23:01.107Z', 41),
(214, 'EZİNE', 13, '2025-04-10T00:23:01.107Z', 49),
(215, 'GELİBOLU', 13, '2025-04-10T00:23:01.107Z', 52),
(216, 'GÖKÇEADA', 13, '2025-04-10T00:23:01.107Z', 93),
(217, 'LAPSEKİ', 13, '2025-04-10T00:23:01.107Z', 54),
(218, 'MERKEZ', 13, '2025-04-10T00:23:01.107Z', 55),
(219, 'YENİCE', 13, '2025-04-10T00:23:01.107Z', 9),
(220, 'ATKARACALAR', 3, '2025-04-10T00:23:01.107Z', 22),
(221, 'BAYRAMÖREN', 3, '2025-04-10T00:23:01.107Z', 45),
(222, 'ÇERKEŞ', 3, '2025-04-10T00:23:01.107Z', 88),
(223, 'ELDİVAN', 3, '2025-04-10T00:23:01.107Z', 85),
(224, 'ILGAZ', 3, '2025-04-10T00:23:01.107Z', 42),
(225, 'KIZILIRMAK', 3, '2025-04-10T00:23:01.107Z', 80),
(226, 'KORGUN', 3, '2025-04-10T00:23:01.107Z', 64),
(227, 'KURŞUNLU', 3, '2025-04-10T00:23:01.107Z', 71),
(228, 'MERKEZ', 3, '2025-04-10T00:23:01.107Z', 67),
(229, 'ORTA', 3, '2025-04-10T00:23:01.107Z', 28),
(230, 'ŞABANÖZÜ', 3, '2025-04-10T00:23:01.107Z', 42),
(231, 'YAPRAKLI', 3, '2025-04-10T00:23:01.107Z', 1),
(232, 'ALACA', 72, '2025-04-10T00:23:01.107Z', 55),
(233, 'BAYAT', 72, '2025-04-10T00:23:01.107Z', 54),
(234, 'BOĞAZKALE', 72, '2025-04-10T00:23:01.107Z', 22),
(235, 'DODURGA', 72, '2025-04-10T00:23:01.107Z', 80),
(236, 'İSKİLİP', 72, '2025-04-10T00:23:01.107Z', 8),
(237, 'KARGI', 72, '2025-04-10T00:23:01.107Z', 24),
(238, 'LAÇİN', 72, '2025-04-10T00:23:01.107Z', 63),
(239, 'MECİTÖZÜ', 72, '2025-04-10T00:23:01.107Z', 36),
(240, 'MERKEZ', 72, '2025-04-10T00:23:01.107Z', 71),
(241, 'OĞUZLAR', 72, '2025-04-10T00:23:01.107Z', 34),
(242, 'ORTAKÖY', 72, '2025-04-10T00:23:01.107Z', 85),
(243, 'OSMANCIK', 72, '2025-04-10T00:23:01.107Z', 89),
(244, 'SUNGURLU', 72, '2025-04-10T00:23:01.107Z', 78),
(245, 'UĞURLUDAĞ', 72, '2025-04-10T00:23:01.107Z', 77),
(246, 'ACIPAYAM', 45, '2025-04-10T00:23:01.107Z', 43),
(247, 'BABADAĞ', 45, '2025-04-10T00:23:01.107Z', 43),
(248, 'BAKLAN', 45, '2025-04-10T00:23:01.107Z', 98),
(249, 'BEKİLLİ', 45, '2025-04-10T00:23:01.107Z', 50),
(250, 'BEYAĞAÇ', 45, '2025-04-10T00:23:01.107Z', 52),
(251, 'BOZKURT', 45, '2025-04-10T00:23:01.107Z', 76),
(252, 'BULDAN', 45, '2025-04-10T00:23:01.107Z', 50),
(253, 'ÇAL', 45, '2025-04-10T00:23:01.107Z', 6),
(254, 'ÇAMELİ', 45, '2025-04-10T00:23:01.107Z', 32),
(255, 'ÇARDAK', 45, '2025-04-10T00:23:01.107Z', 4),
(256, 'ÇİVRİL', 45, '2025-04-10T00:23:01.107Z', 69),
(257, 'GÜNEY', 45, '2025-04-10T00:23:01.107Z', 31),
(258, 'HONAZ', 45, '2025-04-10T00:23:01.107Z', 60),
(259, 'KALE', 45, '2025-04-10T00:23:01.107Z', 23),
(260, 'MERKEZEFENDİ', 45, '2025-04-10T00:23:01.107Z', 70),
(261, 'PAMUKKALE', 45, '2025-04-10T00:23:01.107Z', 41),
(262, 'SARAYKÖY', 45, '2025-04-10T00:23:01.107Z', 93),
(263, 'SERİNHİSAR', 45, '2025-04-10T00:23:01.107Z', 51),
(264, 'TAVAS', 45, '2025-04-10T00:23:01.107Z', 34),
(265, 'BAĞLAR', 30, '2025-04-10T00:23:01.107Z', 71),
(266, 'BİSMİL', 30, '2025-04-10T00:23:01.107Z', 75),
(267, 'ÇERMİK', 30, '2025-04-10T00:23:01.107Z', 47),
(268, 'ÇINAR', 30, '2025-04-10T00:23:01.107Z', 9),
(269, 'ÇÜNGÜŞ', 30, '2025-04-10T00:23:01.107Z', 5),
(270, 'DİCLE', 30, '2025-04-10T00:23:01.107Z', 89),
(271, 'EĞİL', 30, '2025-04-10T00:23:01.107Z', 92),
(272, 'ERGANİ', 30, '2025-04-10T00:23:01.107Z', 6),
(273, 'HANİ', 30, '2025-04-10T00:23:01.107Z', 47),
(274, 'HAZRO', 30, '2025-04-10T00:23:01.107Z', 16),
(275, 'KAYAPINAR', 30, '2025-04-10T00:23:01.107Z', 15),
(276, 'KOCAKÖY', 30, '2025-04-10T00:23:01.107Z', 0),
(277, 'KULP', 30, '2025-04-10T00:23:01.107Z', 50),
(278, 'LİCE', 30, '2025-04-10T00:23:01.107Z', 97),
(279, 'SİLVAN', 30, '2025-04-10T00:23:01.107Z', 85),
(280, 'SUR', 30, '2025-04-10T00:23:01.107Z', 46),
(281, 'YENİŞEHİR', 30, '2025-04-10T00:23:01.107Z', 36),
(282, 'ENEZ', 81, '2025-04-10T00:23:01.107Z', 14),
(283, 'HAVSA', 81, '2025-04-10T00:23:01.107Z', 11),
(284, 'İPSALA', 81, '2025-04-10T00:23:01.107Z', 29),
(285, 'KEŞAN', 81, '2025-04-10T00:23:01.107Z', 51),
(286, 'LALAPAŞA', 81, '2025-04-10T00:23:01.107Z', 92),
(287, 'MERİÇ', 81, '2025-04-10T00:23:01.107Z', 67),
(288, 'MERKEZ', 81, '2025-04-10T00:23:01.107Z', 90),
(289, 'SÜLOĞLU', 81, '2025-04-10T00:23:01.107Z', 25),
(290, 'UZUNKÖPRÜ', 81, '2025-04-10T00:23:01.107Z', 27),
(291, 'AĞIN', 37, '2025-04-10T00:23:01.107Z', 88),
(292, 'ALACAKAYA', 37, '2025-04-10T00:23:01.107Z', 62),
(293, 'ARICAK', 37, '2025-04-10T00:23:01.107Z', 35),
(294, 'BASKİL', 37, '2025-04-10T00:23:01.107Z', 4),
(295, 'KARAKOÇAN', 37, '2025-04-10T00:23:01.107Z', 14),
(296, 'KEBAN', 37, '2025-04-10T00:23:01.107Z', 60),
(297, 'KOVANCILAR', 37, '2025-04-10T00:23:01.107Z', 25),
(298, 'MADEN', 37, '2025-04-10T00:23:01.107Z', 75),
(299, 'MERKEZ', 37, '2025-04-10T00:23:01.107Z', 47),
(300, 'PALU', 37, '2025-04-10T00:23:01.107Z', 37);

INSERT INTO districts (id, name, city_id, created_at, problem_solving_rate) VALUES
(301, 'SİVRİCE', 37, '2025-04-10T00:23:01.107Z', 41),
(302, 'ÇAYIRLI', 34, '2025-04-10T00:23:01.107Z', 77),
(303, 'İLİÇ', 34, '2025-04-10T00:23:01.107Z', 99),
(304, 'KEMAH', 34, '2025-04-10T00:23:01.107Z', 46),
(305, 'KEMALİYE', 34, '2025-04-10T00:23:01.107Z', 26),
(306, 'MERKEZ', 34, '2025-04-10T00:23:01.107Z', 32),
(307, 'OTLUKBELİ', 34, '2025-04-10T00:23:01.107Z', 4),
(308, 'REFAHİYE', 34, '2025-04-10T00:23:01.107Z', 88),
(309, 'TERCAN', 34, '2025-04-10T00:23:01.107Z', 15),
(310, 'ÜZÜMLÜ', 34, '2025-04-10T00:23:01.107Z', 19),
(311, 'AŞKALE', 68, '2025-04-10T00:23:01.107Z', 65),
(312, 'AZİZİYE', 68, '2025-04-10T00:23:01.107Z', 36),
(313, 'ÇAT', 68, '2025-04-10T00:23:01.107Z', 59),
(314, 'HINIS', 68, '2025-04-10T00:23:01.107Z', 18),
(315, 'HORASAN', 68, '2025-04-10T00:23:01.107Z', 50),
(316, 'İSPİR', 68, '2025-04-10T00:23:01.107Z', 86),
(317, 'KARAÇOBAN', 68, '2025-04-10T00:23:01.107Z', 2),
(318, 'KARAYAZI', 68, '2025-04-10T00:23:01.107Z', 71),
(319, 'KÖPRÜKÖY', 68, '2025-04-10T00:23:01.107Z', 26),
(320, 'NARMAN', 68, '2025-04-10T00:23:01.107Z', 79),
(321, 'OLTU', 68, '2025-04-10T00:23:01.107Z', 3),
(322, 'OLUR', 68, '2025-04-10T00:23:01.107Z', 45),
(323, 'PALANDÖKEN', 68, '2025-04-10T00:23:01.107Z', 28),
(324, 'PASİNLER', 68, '2025-04-10T00:23:01.107Z', 73),
(325, 'PAZARYOLU', 68, '2025-04-10T00:23:01.107Z', 96),
(326, 'ŞENKAYA', 68, '2025-04-10T00:23:01.107Z', 57),
(327, 'TEKMAN', 68, '2025-04-10T00:23:01.107Z', 11),
(328, 'TORTUM', 68, '2025-04-10T00:23:01.107Z', 98),
(329, 'UZUNDERE', 68, '2025-04-10T00:23:01.107Z', 82),
(330, 'YAKUTİYE', 68, '2025-04-10T00:23:01.107Z', 69),
(331, 'ALPU', 2, '2025-04-10T00:23:01.107Z', 69),
(332, 'BEYLİKOVA', 2, '2025-04-10T00:23:01.107Z', 24),
(333, 'ÇİFTELER', 2, '2025-04-10T00:23:01.107Z', 87),
(334, 'GÜNYÜZÜ', 2, '2025-04-10T00:23:01.107Z', 75),
(335, 'HAN', 2, '2025-04-10T00:23:01.107Z', 55),
(336, 'İNÖNÜ', 2, '2025-04-10T00:23:01.107Z', 37),
(337, 'MAHMUDİYE', 2, '2025-04-10T00:23:01.107Z', 92),
(338, 'MİHALGAZİ', 2, '2025-04-10T00:23:01.107Z', 29),
(339, 'MİHALIÇÇIK', 2, '2025-04-10T00:23:01.107Z', 39),
(340, 'ODUNPAZARI', 2, '2025-04-10T00:23:01.107Z', 52),
(341, 'SARICAKAYA', 2, '2025-04-10T00:23:01.107Z', 76),
(342, 'SEYİTGAZİ', 2, '2025-04-10T00:23:01.107Z', 51),
(343, 'SİVRİHİSAR', 2, '2025-04-10T00:23:01.107Z', 31),
(344, 'TEPEBAŞI', 2, '2025-04-10T00:23:01.107Z', 77),
(345, 'ARABAN', 6, '2025-04-10T00:23:01.107Z', 75),
(346, 'İSLAHİYE', 6, '2025-04-10T00:23:01.107Z', 77),
(347, 'KARKAMIŞ', 6, '2025-04-10T00:23:01.107Z', 37),
(348, 'NİZİP', 6, '2025-04-10T00:23:01.107Z', 86),
(349, 'NURDAĞI', 6, '2025-04-10T00:23:01.107Z', 34),
(350, 'OĞUZELİ', 6, '2025-04-10T00:23:01.107Z', 62),
(351, 'ŞAHİNBEY', 6, '2025-04-10T00:23:01.107Z', 39),
(352, 'ŞEHİTKAMİL', 6, '2025-04-10T00:23:01.107Z', 37),
(353, 'YAVUZELİ', 6, '2025-04-10T00:23:01.107Z', 91),
(354, 'ALUCRA', 52, '2025-04-10T00:23:01.107Z', 73),
(355, 'BULANCAK', 52, '2025-04-10T00:23:01.107Z', 53),
(356, 'ÇAMOLUK', 52, '2025-04-10T00:23:01.107Z', 39),
(357, 'ÇANAKÇI', 52, '2025-04-10T00:23:01.107Z', 77),
(358, 'DERELİ', 52, '2025-04-10T00:23:01.107Z', 78),
(359, 'DOĞANKENT', 52, '2025-04-10T00:23:01.107Z', 59),
(360, 'ESPİYE', 52, '2025-04-10T00:23:01.107Z', 82),
(361, 'EYNESİL', 52, '2025-04-10T00:23:01.107Z', 14),
(362, 'GÖRELE', 52, '2025-04-10T00:23:01.107Z', 76),
(363, 'GÜCE', 52, '2025-04-10T00:23:01.107Z', 44),
(364, 'KEŞAP', 52, '2025-04-10T00:23:01.107Z', 33),
(365, 'MERKEZ', 52, '2025-04-10T00:23:01.107Z', 90),
(366, 'PİRAZİZ', 52, '2025-04-10T00:23:01.107Z', 47),
(367, 'ŞEBİNKARAHİSAR', 52, '2025-04-10T00:23:01.107Z', 14),
(368, 'TİREBOLU', 52, '2025-04-10T00:23:01.107Z', 95),
(369, 'YAĞLIDERE', 52, '2025-04-10T00:23:01.107Z', 66),
(370, 'KELKİT', 9, '2025-04-10T00:23:01.107Z', 10),
(371, 'KÖSE', 9, '2025-04-10T00:23:01.107Z', 20),
(372, 'KÜRTÜN', 9, '2025-04-10T00:23:01.107Z', 98),
(373, 'MERKEZ', 9, '2025-04-10T00:23:01.107Z', 52),
(374, 'ŞİRAN', 9, '2025-04-10T00:23:01.107Z', 49),
(375, 'TORUL', 9, '2025-04-10T00:23:01.107Z', 33),
(376, 'ÇUKURCA', 39, '2025-04-10T00:23:01.107Z', 32),
(377, 'DERECİK', 39, '2025-04-10T00:23:01.107Z', 86),
(378, 'MERKEZ', 39, '2025-04-10T00:23:01.107Z', 46),
(379, 'ŞEMDİNLİ', 39, '2025-04-10T00:23:01.107Z', 1),
(380, 'YÜKSEKOVA', 39, '2025-04-10T00:23:01.107Z', 93),
(381, 'ALTINÖZÜ', 7, '2025-04-10T00:23:01.107Z', 15),
(382, 'ANTAKYA', 7, '2025-04-10T00:23:01.107Z', 11),
(383, 'ARSUZ', 7, '2025-04-10T00:23:01.107Z', 84),
(384, 'BELEN', 7, '2025-04-10T00:23:01.107Z', 23),
(385, 'DEFNE', 7, '2025-04-10T00:23:01.107Z', 82),
(386, 'DÖRTYOL', 7, '2025-04-10T00:23:01.107Z', 1),
(387, 'ERZİN', 7, '2025-04-10T00:23:01.107Z', 51),
(388, 'HASSA', 7, '2025-04-10T00:23:01.107Z', 37),
(389, 'İSKENDERUN', 7, '2025-04-10T00:23:01.107Z', 58),
(390, 'KIRIKHAN', 7, '2025-04-10T00:23:01.107Z', 3),
(391, 'KUMLU', 7, '2025-04-10T00:23:01.107Z', 74),
(392, 'PAYAS', 7, '2025-04-10T00:23:01.107Z', 2),
(393, 'REYHANLI', 7, '2025-04-10T00:23:01.107Z', 36),
(394, 'SAMANDAĞ', 7, '2025-04-10T00:23:01.107Z', 44),
(395, 'YAYLADAĞI', 7, '2025-04-10T00:23:01.107Z', 20),
(396, 'AKSU', 35, '2025-04-10T00:23:01.107Z', 5),
(397, 'ATABEY', 35, '2025-04-10T00:23:01.107Z', 88),
(398, 'EĞİRDİR', 35, '2025-04-10T00:23:01.107Z', 90),
(399, 'GELENDOST', 35, '2025-04-10T00:23:01.107Z', 95),
(400, 'GÖNEN', 35, '2025-04-10T00:23:01.107Z', 32);

INSERT INTO districts (id, name, city_id, created_at, problem_solving_rate) VALUES
(401, 'KEÇİBORLU', 35, '2025-04-10T00:23:01.107Z', 9),
(402, 'MERKEZ', 35, '2025-04-10T00:23:01.107Z', 27),
(403, 'SENİRKENT', 35, '2025-04-10T00:23:01.107Z', 0),
(404, 'SÜTÇÜLER', 35, '2025-04-10T00:23:01.107Z', 98),
(405, 'ŞARKİKARAAĞAÇ', 35, '2025-04-10T00:23:01.107Z', 76),
(406, 'ULUBORLU', 35, '2025-04-10T00:23:01.107Z', 95),
(407, 'YALVAÇ', 35, '2025-04-10T00:23:01.107Z', 21),
(408, 'YENİŞARBADEMLİ', 35, '2025-04-10T00:23:01.107Z', 42),
(409, 'AKDENİZ', 17, '2025-04-10T00:23:01.107Z', 54),
(410, 'ANAMUR', 17, '2025-04-10T00:23:01.107Z', 90),
(411, 'AYDINCIK', 17, '2025-04-10T00:23:01.107Z', 66),
(412, 'BOZYAZI', 17, '2025-04-10T00:23:01.107Z', 69),
(413, 'ÇAMLIYAYLA', 17, '2025-04-10T00:23:01.107Z', 75),
(414, 'ERDEMLİ', 17, '2025-04-10T00:23:01.107Z', 93),
(415, 'GÜLNAR', 17, '2025-04-10T00:23:01.107Z', 34),
(416, 'MEZİTLİ', 17, '2025-04-10T00:23:01.107Z', 4),
(417, 'MUT', 17, '2025-04-10T00:23:01.107Z', 65),
(418, 'SİLİFKE', 17, '2025-04-10T00:23:01.107Z', 83),
(419, 'TARSUS', 17, '2025-04-10T00:23:01.107Z', 49),
(420, 'TOROSLAR', 17, '2025-04-10T00:23:01.107Z', 2),
(421, 'YENİŞEHİR', 17, '2025-04-10T00:23:01.107Z', 42),
(422, 'ADALAR', 77, '2025-04-10T00:23:01.107Z', 75),
(423, 'ARNAVUTKÖY', 77, '2025-04-10T00:23:01.107Z', 18),
(424, 'ATAŞEHİR', 77, '2025-04-10T00:23:01.107Z', 77),
(425, 'AVCILAR', 77, '2025-04-10T00:23:01.107Z', 22),
(426, 'BAĞCILAR', 77, '2025-04-10T00:23:01.107Z', 8),
(427, 'BAHÇELİEVLER', 77, '2025-04-10T00:23:01.107Z', 0),
(428, 'BAKIRKÖY', 77, '2025-04-10T00:23:01.107Z', 20),
(429, 'BAŞAKŞEHİR', 77, '2025-04-10T00:23:01.107Z', 12),
(430, 'BAYRAMPAŞA', 77, '2025-04-10T00:23:01.107Z', 37),
(431, 'BEŞİKTAŞ', 77, '2025-04-10T00:23:01.107Z', 25),
(432, 'BEYKOZ', 77, '2025-04-10T00:23:01.107Z', 85),
(433, 'BEYLİKDÜZÜ', 77, '2025-04-10T00:23:01.107Z', 70),
(434, 'BEYOĞLU', 77, '2025-04-10T00:23:01.107Z', 52),
(435, 'BÜYÜKÇEKMECE', 77, '2025-04-10T00:23:01.107Z', 11),
(436, 'ÇATALCA', 77, '2025-04-10T00:23:01.107Z', 67),
(437, 'ÇEKMEKÖY', 77, '2025-04-10T00:23:01.107Z', 84),
(438, 'ESENLER', 77, '2025-04-10T00:23:01.107Z', 28),
(439, 'ESENYURT', 77, '2025-04-10T00:23:01.107Z', 51),
(440, 'EYÜPSULTAN', 77, '2025-04-10T00:23:01.107Z', 8),
(441, 'FATİH', 77, '2025-04-10T00:23:01.107Z', 15),
(442, 'GAZİOSMANPAŞA', 77, '2025-04-10T00:23:01.107Z', 3),
(443, 'GÜNGÖREN', 77, '2025-04-10T00:23:01.107Z', 77),
(444, 'KADIKÖY', 77, '2025-04-10T00:23:01.107Z', 5),
(445, 'KAĞITHANE', 77, '2025-04-10T00:23:01.107Z', 39),
(446, 'KARTAL', 77, '2025-04-10T00:23:01.107Z', 58),
(447, 'KÜÇÜKÇEKMECE', 77, '2025-04-10T00:23:01.107Z', 13),
(448, 'MALTEPE', 77, '2025-04-10T00:23:01.107Z', 44),
(449, 'PENDİK', 77, '2025-04-10T00:23:01.107Z', 79),
(450, 'SANCAKTEPE', 77, '2025-04-10T00:23:01.107Z', 62),
(451, 'SARIYER', 77, '2025-04-10T00:23:01.107Z', 23),
(452, 'SİLİVRİ', 77, '2025-04-10T00:23:01.107Z', 24),
(453, 'SULTANBEYLİ', 77, '2025-04-10T00:23:01.107Z', 61),
(454, 'SULTANGAZİ', 77, '2025-04-10T00:23:01.107Z', 89),
(455, 'ŞİLE', 77, '2025-04-10T00:23:01.107Z', 96),
(456, 'ŞİŞLİ', 77, '2025-04-10T00:23:01.107Z', 71),
(457, 'TUZLA', 77, '2025-04-10T00:23:01.107Z', 64),
(458, 'ÜMRANİYE', 77, '2025-04-10T00:23:01.107Z', 63),
(459, 'ÜSKÜDAR', 77, '2025-04-10T00:23:01.107Z', 53),
(460, 'ZEYTİNBURNU', 77, '2025-04-10T00:23:01.107Z', 21),
(461, 'ALİAĞA', 84, '2025-04-10T00:23:01.107Z', 26),
(462, 'BALÇOVA', 84, '2025-04-10T00:23:01.107Z', 74),
(463, 'BAYINDIR', 84, '2025-04-10T00:23:01.107Z', 73),
(464, 'BAYRAKLI', 84, '2025-04-10T00:23:01.107Z', 75),
(465, 'BERGAMA', 84, '2025-04-10T00:23:01.107Z', 51),
(466, 'BEYDAĞ', 84, '2025-04-10T00:23:01.107Z', 88),
(467, 'BORNOVA', 84, '2025-04-10T00:23:01.107Z', 69),
(468, 'BUCA', 84, '2025-04-10T00:23:01.107Z', 15),
(469, 'ÇEŞME', 84, '2025-04-10T00:23:01.107Z', 44),
(470, 'ÇİĞLİ', 84, '2025-04-10T00:23:01.107Z', 65),
(471, 'DİKİLİ', 84, '2025-04-10T00:23:01.107Z', 23),
(472, 'FOÇA', 84, '2025-04-10T00:23:01.107Z', 70),
(473, 'GAZİEMİR', 84, '2025-04-10T00:23:01.107Z', 66),
(474, 'GÜZELBAHÇE', 84, '2025-04-10T00:23:01.107Z', 96),
(475, 'KARABAĞLAR', 84, '2025-04-10T00:23:01.107Z', 6),
(476, 'KARABURUN', 84, '2025-04-10T00:23:01.107Z', 81),
(477, 'KARŞIYAKA', 84, '2025-04-10T00:23:01.107Z', 76),
(478, 'KEMALPAŞA', 84, '2025-04-10T00:23:01.107Z', 80),
(479, 'KINIK', 84, '2025-04-10T00:23:01.107Z', 52),
(480, 'KİRAZ', 84, '2025-04-10T00:23:01.107Z', 17),
(481, 'KONAK', 84, '2025-04-10T00:23:01.107Z', 54),
(482, 'MENDERES', 84, '2025-04-10T00:23:01.107Z', 81),
(483, 'MENEMEN', 84, '2025-04-10T00:23:01.107Z', 43),
(484, 'NARLIDERE', 84, '2025-04-10T00:23:01.107Z', 34),
(485, 'ÖDEMİŞ', 84, '2025-04-10T00:23:01.107Z', 39),
(486, 'SEFERİHİSAR', 84, '2025-04-10T00:23:01.107Z', 89),
(487, 'SELÇUK', 84, '2025-04-10T00:23:01.107Z', 24),
(488, 'TİRE', 84, '2025-04-10T00:23:01.107Z', 43),
(489, 'TORBALI', 84, '2025-04-10T00:23:01.107Z', 49),
(490, 'URLA', 84, '2025-04-10T00:23:01.107Z', 72),
(491, 'AKYAKA', 40, '2025-04-10T00:23:01.107Z', 92),
(492, 'ARPAÇAY', 40, '2025-04-10T00:23:01.107Z', 41),
(493, 'DİGOR', 40, '2025-04-10T00:23:01.107Z', 68),
(494, 'KAĞIZMAN', 40, '2025-04-10T00:23:01.107Z', 46),
(495, 'MERKEZ', 40, '2025-04-10T00:23:01.107Z', 73),
(496, 'SARIKAMIŞ', 40, '2025-04-10T00:23:01.107Z', 45),
(497, 'SELİM', 40, '2025-04-10T00:23:01.107Z', 88),
(498, 'SUSUZ', 40, '2025-04-10T00:23:01.107Z', 6),
(499, 'ABANA', 65, '2025-04-10T00:23:01.107Z', 12),
(500, 'AĞLI', 65, '2025-04-10T00:23:01.107Z', 89);

INSERT INTO districts (id, name, city_id, created_at, problem_solving_rate) VALUES
(501, 'ARAÇ', 65, '2025-04-10T00:23:01.107Z', 3),
(502, 'AZDAVAY', 65, '2025-04-10T00:23:01.107Z', 13),
(503, 'BOZKURT', 65, '2025-04-10T00:23:01.107Z', 8),
(504, 'CİDE', 65, '2025-04-10T00:23:01.107Z', 72),
(505, 'ÇATALZEYTİN', 65, '2025-04-10T00:23:01.107Z', 99),
(506, 'DADAY', 65, '2025-04-10T00:23:01.107Z', 75),
(507, 'DEVREKANİ', 65, '2025-04-10T00:23:01.107Z', 26),
(508, 'DOĞANYURT', 65, '2025-04-10T00:23:01.107Z', 42),
(509, 'HANÖNÜ', 65, '2025-04-10T00:23:01.107Z', 58),
(510, 'İHSANGAZİ', 65, '2025-04-10T00:23:01.107Z', 16),
(511, 'İNEBOLU', 65, '2025-04-10T00:23:01.107Z', 97),
(512, 'KÜRE', 65, '2025-04-10T00:23:01.107Z', 38),
(513, 'MERKEZ', 65, '2025-04-10T00:23:01.107Z', 9),
(514, 'PINARBAŞI', 65, '2025-04-10T00:23:01.107Z', 54),
(515, 'SEYDİLER', 65, '2025-04-10T00:23:01.107Z', 34),
(516, 'ŞENPAZAR', 65, '2025-04-10T00:23:01.107Z', 18),
(517, 'TAŞKÖPRÜ', 65, '2025-04-10T00:23:01.107Z', 30),
(518, 'TOSYA', 65, '2025-04-10T00:23:01.107Z', 7),
(519, 'AKKIŞLA', 8, '2025-04-10T00:23:01.107Z', 86),
(520, 'BÜNYAN', 8, '2025-04-10T00:23:01.107Z', 50),
(521, 'DEVELİ', 8, '2025-04-10T00:23:01.107Z', 25),
(522, 'FELAHİYE', 8, '2025-04-10T00:23:01.107Z', 69),
(523, 'HACILAR', 8, '2025-04-10T00:23:01.107Z', 6),
(524, 'İNCESU', 8, '2025-04-10T00:23:01.107Z', 72),
(525, 'KOCASİNAN', 8, '2025-04-10T00:23:01.107Z', 68),
(526, 'MELİKGAZİ', 8, '2025-04-10T00:23:01.107Z', 99),
(527, 'ÖZVATAN', 8, '2025-04-10T00:23:01.107Z', 45),
(528, 'PINARBAŞI', 8, '2025-04-10T00:23:01.107Z', 23),
(529, 'SARIOĞLAN', 8, '2025-04-10T00:23:01.107Z', 87),
(530, 'SARIZ', 8, '2025-04-10T00:23:01.107Z', 99),
(531, 'TALAS', 8, '2025-04-10T00:23:01.107Z', 75),
(532, 'TOMARZA', 8, '2025-04-10T00:23:01.107Z', 47),
(533, 'YAHYALI', 8, '2025-04-10T00:23:01.107Z', 30),
(534, 'YEŞİLHİSAR', 8, '2025-04-10T00:23:01.107Z', 55),
(535, 'BABAESKİ', 50, '2025-04-10T00:23:01.107Z', 11),
(536, 'DEMİRKÖY', 50, '2025-04-10T00:23:01.107Z', 53),
(537, 'KOFÇAZ', 50, '2025-04-10T00:23:01.107Z', 4),
(538, 'LÜLEBURGAZ', 50, '2025-04-10T00:23:01.107Z', 43),
(539, 'MERKEZ', 50, '2025-04-10T00:23:01.107Z', 72),
(540, 'PEHLİVANKÖY', 50, '2025-04-10T00:23:01.107Z', 48),
(541, 'PINARHİSAR', 50, '2025-04-10T00:23:01.107Z', 66),
(542, 'VİZE', 50, '2025-04-10T00:23:01.107Z', 70),
(543, 'AKÇAKENT', 27, '2025-04-10T00:23:01.107Z', 80),
(544, 'AKPINAR', 27, '2025-04-10T00:23:01.107Z', 59),
(545, 'BOZTEPE', 27, '2025-04-10T00:23:01.107Z', 95),
(546, 'ÇİÇEKDAĞI', 27, '2025-04-10T00:23:01.107Z', 19),
(547, 'KAMAN', 27, '2025-04-10T00:23:01.107Z', 25),
(548, 'MERKEZ', 27, '2025-04-10T00:23:01.107Z', 24),
(549, 'MUCUR', 27, '2025-04-10T00:23:01.107Z', 94),
(550, 'BAŞİSKELE', 5, '2025-04-10T00:23:01.107Z', 35),
(551, 'ÇAYIROVA', 5, '2025-04-10T00:23:01.107Z', 50),
(552, 'DARICA', 5, '2025-04-10T00:23:01.107Z', 29),
(553, 'DERİNCE', 5, '2025-04-10T00:23:01.107Z', 33),
(554, 'DİLOVASI', 5, '2025-04-10T00:23:01.107Z', 65),
(555, 'GEBZE', 5, '2025-04-10T00:23:01.107Z', 59),
(556, 'GÖLCÜK', 5, '2025-04-10T00:23:01.107Z', 89),
(557, 'İZMİT', 5, '2025-04-10T00:23:01.107Z', 43),
(558, 'KANDIRA', 5, '2025-04-10T00:23:01.107Z', 11),
(559, 'KARAMÜRSEL', 5, '2025-04-10T00:23:01.107Z', 27),
(560, 'KARTEPE', 5, '2025-04-10T00:23:01.107Z', 68),
(561, 'KÖRFEZ', 5, '2025-04-10T00:23:01.107Z', 96),
(562, 'AHIRLI', 19, '2025-04-10T00:23:01.107Z', 4),
(563, 'AKÖREN', 19, '2025-04-10T00:23:01.107Z', 17),
(564, 'AKŞEHİR', 19, '2025-04-10T00:23:01.107Z', 78),
(565, 'ALTINEKİN', 19, '2025-04-10T00:23:01.107Z', 39),
(566, 'BEYŞEHİR', 19, '2025-04-10T00:23:01.107Z', 93),
(567, 'BOZKIR', 19, '2025-04-10T00:23:01.107Z', 92),
(568, 'CİHANBEYLİ', 19, '2025-04-10T00:23:01.107Z', 84),
(569, 'ÇELTİK', 19, '2025-04-10T00:23:01.107Z', 13),
(570, 'ÇUMRA', 19, '2025-04-10T00:23:01.107Z', 52),
(571, 'DERBENT', 19, '2025-04-10T00:23:01.107Z', 2),
(572, 'DEREBUCAK', 19, '2025-04-10T00:23:01.107Z', 58),
(573, 'DOĞANHİSAR', 19, '2025-04-10T00:23:01.107Z', 83),
(574, 'EMİRGAZİ', 19, '2025-04-10T00:23:01.107Z', 17),
(575, 'EREĞLİ', 19, '2025-04-10T00:23:01.107Z', 62),
(576, 'GÜNEYSINIR', 19, '2025-04-10T00:23:01.107Z', 66),
(577, 'HADİM', 19, '2025-04-10T00:23:01.107Z', 56),
(578, 'HALKAPINAR', 19, '2025-04-10T00:23:01.107Z', 37),
(579, 'HÜYÜK', 19, '2025-04-10T00:23:01.107Z', 65),
(580, 'ILGIN', 19, '2025-04-10T00:23:01.107Z', 31),
(581, 'KADINHANI', 19, '2025-04-10T00:23:01.107Z', 72),
(582, 'KARAPINAR', 19, '2025-04-10T00:23:01.107Z', 48),
(583, 'KARATAY', 19, '2025-04-10T00:23:01.107Z', 28),
(584, 'KULU', 19, '2025-04-10T00:23:01.107Z', 60),
(585, 'MERAM', 19, '2025-04-10T00:23:01.107Z', 0),
(586, 'SARAYÖNÜ', 19, '2025-04-10T00:23:01.107Z', 63),
(587, 'SELÇUKLU', 19, '2025-04-10T00:23:01.107Z', 38),
(588, 'SEYDİŞEHİR', 19, '2025-04-10T00:23:01.107Z', 42),
(589, 'TAŞKENT', 19, '2025-04-10T00:23:01.107Z', 32),
(590, 'TUZLUKÇU', 19, '2025-04-10T00:23:01.107Z', 21),
(591, 'YALIHÜYÜK', 19, '2025-04-10T00:23:01.107Z', 7),
(592, 'YUNAK', 19, '2025-04-10T00:23:01.107Z', 52),
(593, 'ALTINTAŞ', 75, '2025-04-10T00:23:01.107Z', 12),
(594, 'ASLANAPA', 75, '2025-04-10T00:23:01.107Z', 78),
(595, 'ÇAVDARHİSAR', 75, '2025-04-10T00:23:01.107Z', 82),
(596, 'DOMANİÇ', 75, '2025-04-10T00:23:01.107Z', 91),
(597, 'DUMLUPINAR', 75, '2025-04-10T00:23:01.107Z', 18),
(598, 'EMET', 75, '2025-04-10T00:23:01.107Z', 69),
(599, 'GEDİZ', 75, '2025-04-10T00:23:01.107Z', 87),
(600, 'HİSARCIK', 75, '2025-04-10T00:23:01.107Z', 30);

INSERT INTO districts (id, name, city_id, created_at, problem_solving_rate) VALUES
(601, 'MERKEZ', 75, '2025-04-10T00:23:01.107Z', 42),
(602, 'PAZARLAR', 75, '2025-04-10T00:23:01.107Z', 66),
(603, 'SİMAV', 75, '2025-04-10T00:23:01.107Z', 14),
(604, 'ŞAPHANE', 75, '2025-04-10T00:23:01.107Z', 28),
(605, 'TAVŞANLI', 75, '2025-04-10T00:23:01.107Z', 64),
(606, 'AKÇADAĞ', 43, '2025-04-10T00:23:01.107Z', 14),
(607, 'ARAPGİR', 43, '2025-04-10T00:23:01.107Z', 94),
(608, 'ARGUVAN', 43, '2025-04-10T00:23:01.107Z', 42),
(609, 'BATTALGAZİ', 43, '2025-04-10T00:23:01.107Z', 1),
(610, 'DARENDE', 43, '2025-04-10T00:23:01.107Z', 97),
(611, 'DOĞANŞEHİR', 43, '2025-04-10T00:23:01.107Z', 74),
(612, 'DOĞANYOL', 43, '2025-04-10T00:23:01.107Z', 91),
(613, 'HEKİMHAN', 43, '2025-04-10T00:23:01.107Z', 77),
(614, 'KALE', 43, '2025-04-10T00:23:01.107Z', 73),
(615, 'KULUNCAK', 43, '2025-04-10T00:23:01.107Z', 95),
(616, 'PÜTÜRGE', 43, '2025-04-10T00:23:01.107Z', 53),
(617, 'YAZIHAN', 43, '2025-04-10T00:23:01.107Z', 12),
(618, 'YEŞİLYURT', 43, '2025-04-10T00:23:01.107Z', 7),
(619, 'AHMETLİ', 29, '2025-04-10T00:23:01.107Z', 41),
(620, 'AKHİSAR', 29, '2025-04-10T00:23:01.107Z', 67),
(621, 'ALAŞEHİR', 29, '2025-04-10T00:23:01.107Z', 54),
(622, 'DEMİRCİ', 29, '2025-04-10T00:23:01.107Z', 29),
(623, 'GÖLMARMARA', 29, '2025-04-10T00:23:01.107Z', 89),
(624, 'GÖRDES', 29, '2025-04-10T00:23:01.107Z', 10),
(625, 'KIRKAĞAÇ', 29, '2025-04-10T00:23:01.107Z', 24),
(626, 'KÖPRÜBAŞI', 29, '2025-04-10T00:23:01.107Z', 5),
(627, 'KULA', 29, '2025-04-10T00:23:01.107Z', 50),
(628, 'SALİHLİ', 29, '2025-04-10T00:23:01.107Z', 89),
(629, 'SARIGÖL', 29, '2025-04-10T00:23:01.107Z', 6),
(630, 'SARUHANLI', 29, '2025-04-10T00:23:01.107Z', 9),
(631, 'SELENDİ', 29, '2025-04-10T00:23:01.107Z', 44),
(632, 'SOMA', 29, '2025-04-10T00:23:01.107Z', 50),
(633, 'ŞEHZADELER', 29, '2025-04-10T00:23:01.107Z', 65),
(634, 'TURGUTLU', 29, '2025-04-10T00:23:01.107Z', 31),
(635, 'YUNUSEMRE', 29, '2025-04-10T00:23:01.107Z', 76),
(636, 'AFŞİN', 67, '2025-04-10T00:23:01.107Z', 26),
(637, 'ANDIRIN', 67, '2025-04-10T00:23:01.107Z', 57),
(638, 'ÇAĞLAYANCERİT', 67, '2025-04-10T00:23:01.107Z', 66),
(639, 'DULKADİROĞLU', 67, '2025-04-10T00:23:01.107Z', 67),
(640, 'EKİNÖZÜ', 67, '2025-04-10T00:23:01.107Z', 76),
(641, 'ELBİSTAN', 67, '2025-04-10T00:23:01.107Z', 51),
(642, 'GÖKSUN', 67, '2025-04-10T00:23:01.107Z', 47),
(643, 'NURHAK', 67, '2025-04-10T00:23:01.107Z', 57),
(644, 'ONİKİŞUBAT', 67, '2025-04-10T00:23:01.107Z', 88),
(645, 'PAZARCIK', 67, '2025-04-10T00:23:01.107Z', 76),
(646, 'TÜRKOĞLU', 67, '2025-04-10T00:23:01.107Z', 8),
(647, 'ARTUKLU', 66, '2025-04-10T00:23:01.107Z', 55),
(648, 'DARGEÇİT', 66, '2025-04-10T00:23:01.107Z', 97),
(649, 'DERİK', 66, '2025-04-10T00:23:01.107Z', 41),
(650, 'KIZILTEPE', 66, '2025-04-10T00:23:01.107Z', 90),
(651, 'MAZIDAĞI', 66, '2025-04-10T00:23:01.107Z', 32),
(652, 'MİDYAT', 66, '2025-04-10T00:23:01.107Z', 98),
(653, 'NUSAYBİN', 66, '2025-04-10T00:23:01.107Z', 15),
(654, 'ÖMERLİ', 66, '2025-04-10T00:23:01.107Z', 20),
(655, 'SAVUR', 66, '2025-04-10T00:23:01.107Z', 94),
(656, 'YEŞİLLİ', 66, '2025-04-10T00:23:01.107Z', 4),
(657, 'BODRUM', 48, '2025-04-10T00:23:01.107Z', 64),
(658, 'DALAMAN', 48, '2025-04-10T00:23:01.107Z', 62),
(659, 'DATÇA', 48, '2025-04-10T00:23:01.107Z', 42),
(660, 'FETHİYE', 48, '2025-04-10T00:23:01.107Z', 65),
(661, 'KAVAKLIDERE', 48, '2025-04-10T00:23:01.107Z', 74),
(662, 'KÖYCEĞİZ', 48, '2025-04-10T00:23:01.107Z', 81),
(663, 'MARMARİS', 48, '2025-04-10T00:23:01.107Z', 2),
(664, 'MENTEŞE', 48, '2025-04-10T00:23:01.107Z', 41),
(665, 'MİLAS', 48, '2025-04-10T00:23:01.107Z', 30),
(666, 'ORTACA', 48, '2025-04-10T00:23:01.107Z', 67),
(667, 'SEYDİKEMER', 48, '2025-04-10T00:23:01.107Z', 1),
(668, 'ULA', 48, '2025-04-10T00:23:01.107Z', 76),
(669, 'YATAĞAN', 48, '2025-04-10T00:23:01.107Z', 47),
(670, 'BULANIK', 46, '2025-04-10T00:23:01.107Z', 49),
(671, 'HASKÖY', 46, '2025-04-10T00:23:01.107Z', 35),
(672, 'KORKUT', 46, '2025-04-10T00:23:01.107Z', 31),
(673, 'MALAZGİRT', 46, '2025-04-10T00:23:01.107Z', 98),
(674, 'MERKEZ', 46, '2025-04-10T00:23:01.107Z', 67),
(675, 'VARTO', 46, '2025-04-10T00:23:01.107Z', 50),
(676, 'ACIGÖL', 61, '2025-04-10T00:23:01.107Z', 64),
(677, 'AVANOS', 61, '2025-04-10T00:23:01.107Z', 85),
(678, 'DERİNKUYU', 61, '2025-04-10T00:23:01.107Z', 10),
(679, 'GÜLŞEHİR', 61, '2025-04-10T00:23:01.107Z', 47),
(680, 'HACIBEKTAŞ', 61, '2025-04-10T00:23:01.107Z', 54),
(681, 'KOZAKLI', 61, '2025-04-10T00:23:01.107Z', 5),
(682, 'MERKEZ', 61, '2025-04-10T00:23:01.107Z', 38),
(683, 'ÜRGÜP', 61, '2025-04-10T00:23:01.107Z', 91),
(684, 'ALTUNHİSAR', 18, '2025-04-10T00:23:01.107Z', 53),
(685, 'BOR', 18, '2025-04-10T00:23:01.107Z', 91),
(686, 'ÇAMARDI', 18, '2025-04-10T00:23:01.107Z', 36),
(687, 'ÇİFTLİK', 18, '2025-04-10T00:23:01.107Z', 77),
(688, 'MERKEZ', 18, '2025-04-10T00:23:01.107Z', 35),
(689, 'ULUKIŞLA', 18, '2025-04-10T00:23:01.107Z', 59),
(690, 'AKKUŞ', 24, '2025-04-10T00:23:01.107Z', 48),
(691, 'ALTINORDU', 24, '2025-04-10T00:23:01.107Z', 90),
(692, 'AYBASTI', 24, '2025-04-10T00:23:01.107Z', 54),
(693, 'ÇAMAŞ', 24, '2025-04-10T00:23:01.107Z', 13),
(694, 'ÇATALPINAR', 24, '2025-04-10T00:23:01.107Z', 8),
(695, 'ÇAYBAŞI', 24, '2025-04-10T00:23:01.107Z', 96),
(696, 'FATSA', 24, '2025-04-10T00:23:01.107Z', 2),
(697, 'GÖLKÖY', 24, '2025-04-10T00:23:01.107Z', 69),
(698, 'GÜLYALI', 24, '2025-04-10T00:23:01.107Z', 80),
(699, 'GÜRGENTEPE', 24, '2025-04-10T00:23:01.107Z', 23),
(700, 'İKİZCE', 24, '2025-04-10T00:23:01.107Z', 56);

INSERT INTO districts (id, name, city_id, created_at, problem_solving_rate) VALUES
(701, 'KABADÜZ', 24, '2025-04-10T00:23:01.107Z', 0),
(702, 'KABATAŞ', 24, '2025-04-10T00:23:01.107Z', 38),
(703, 'KORGAN', 24, '2025-04-10T00:23:01.107Z', 72),
(704, 'KUMRU', 24, '2025-04-10T00:23:01.107Z', 55),
(705, 'MESUDİYE', 24, '2025-04-10T00:23:01.107Z', 55),
(706, 'PERŞEMBE', 24, '2025-04-10T00:23:01.107Z', 43),
(707, 'ULUBEY', 24, '2025-04-10T00:23:01.107Z', 97),
(708, 'ÜNYE', 24, '2025-04-10T00:23:01.107Z', 44),
(709, 'ARDEŞEN', 25, '2025-04-10T00:23:01.107Z', 68),
(710, 'ÇAMLIHEMŞİN', 25, '2025-04-10T00:23:01.107Z', 90),
(711, 'ÇAYELİ', 25, '2025-04-10T00:23:01.107Z', 27),
(712, 'DEREPAZARI', 25, '2025-04-10T00:23:01.107Z', 9),
(713, 'FINDIKLI', 25, '2025-04-10T00:23:01.107Z', 24),
(714, 'GÜNEYSU', 25, '2025-04-10T00:23:01.107Z', 5),
(715, 'HEMŞİN', 25, '2025-04-10T00:23:01.107Z', 46),
(716, 'İKİZDERE', 25, '2025-04-10T00:23:01.107Z', 91),
(717, 'İYİDERE', 25, '2025-04-10T00:23:01.107Z', 73),
(718, 'KALKANDERE', 25, '2025-04-10T00:23:01.107Z', 92),
(719, 'MERKEZ', 25, '2025-04-10T00:23:01.107Z', 82),
(720, 'PAZAR', 25, '2025-04-10T00:23:01.107Z', 39),
(721, 'ADAPAZARI', 10, '2025-04-10T00:23:01.107Z', 34),
(722, 'AKYAZI', 10, '2025-04-10T00:23:01.107Z', 76),
(723, 'ARİFİYE', 10, '2025-04-10T00:23:01.107Z', 52),
(724, 'ERENLER', 10, '2025-04-10T00:23:01.107Z', 16),
(725, 'FERİZLİ', 10, '2025-04-10T00:23:01.107Z', 67),
(726, 'GEYVE', 10, '2025-04-10T00:23:01.107Z', 83),
(727, 'HENDEK', 10, '2025-04-10T00:23:01.107Z', 75),
(728, 'KARAPÜRÇEK', 10, '2025-04-10T00:23:01.107Z', 24),
(729, 'KARASU', 10, '2025-04-10T00:23:01.107Z', 27),
(730, 'KAYNARCA', 10, '2025-04-10T00:23:01.107Z', 60),
(731, 'KOCAALİ', 10, '2025-04-10T00:23:01.107Z', 26),
(732, 'PAMUKOVA', 10, '2025-04-10T00:23:01.107Z', 65),
(733, 'SAPANCA', 10, '2025-04-10T00:23:01.107Z', 50),
(734, 'SERDİVAN', 10, '2025-04-10T00:23:01.107Z', 85),
(735, 'SÖĞÜTLÜ', 10, '2025-04-10T00:23:01.107Z', 91),
(736, 'TARAKLI', 10, '2025-04-10T00:23:01.107Z', 52),
(737, 'ALAÇAM', 71, '2025-04-10T00:23:01.107Z', 29),
(738, 'ASARCIK', 71, '2025-04-10T00:23:01.107Z', 78),
(739, 'ATAKUM', 71, '2025-04-10T00:23:01.107Z', 93),
(740, 'AYVACIK', 71, '2025-04-10T00:23:01.107Z', 84),
(741, 'BAFRA', 71, '2025-04-10T00:23:01.107Z', 17),
(742, 'CANİK', 71, '2025-04-10T00:23:01.107Z', 72),
(743, 'ÇARŞAMBA', 71, '2025-04-10T00:23:01.107Z', 68),
(744, 'HAVZA', 71, '2025-04-10T00:23:01.107Z', 31),
(745, 'İLKADIM', 71, '2025-04-10T00:23:01.107Z', 26),
(746, 'KAVAK', 71, '2025-04-10T00:23:01.107Z', 46),
(747, 'LADİK', 71, '2025-04-10T00:23:01.107Z', 10),
(748, 'SALIPAZARI', 71, '2025-04-10T00:23:01.107Z', 98),
(749, 'TEKKEKÖY', 71, '2025-04-10T00:23:01.107Z', 6),
(750, 'TERME', 71, '2025-04-10T00:23:01.107Z', 97),
(751, 'VEZİRKÖPRÜ', 71, '2025-04-10T00:23:01.107Z', 15),
(752, 'YAKAKENT', 71, '2025-04-10T00:23:01.107Z', 0),
(753, '19 MAYIS', 71, '2025-04-10T00:23:01.107Z', 28),
(754, 'BAYKAN', 51, '2025-04-10T00:23:01.107Z', 2),
(755, 'ERUH', 51, '2025-04-10T00:23:01.107Z', 71),
(756, 'KURTALAN', 51, '2025-04-10T00:23:01.107Z', 88),
(757, 'MERKEZ', 51, '2025-04-10T00:23:01.107Z', 42),
(758, 'PERVARİ', 51, '2025-04-10T00:23:01.107Z', 34),
(759, 'ŞİRVAN', 51, '2025-04-10T00:23:01.107Z', 32),
(760, 'TİLLO', 51, '2025-04-10T00:23:01.107Z', 38),
(761, 'AYANCIK', 14, '2025-04-10T00:23:01.107Z', 75),
(762, 'BOYABAT', 14, '2025-04-10T00:23:01.107Z', 15),
(763, 'DİKMEN', 14, '2025-04-10T00:23:01.107Z', 57),
(764, 'DURAĞAN', 14, '2025-04-10T00:23:01.107Z', 20),
(765, 'ERFELEK', 14, '2025-04-10T00:23:01.107Z', 89),
(766, 'GERZE', 14, '2025-04-10T00:23:01.107Z', 48),
(767, 'MERKEZ', 14, '2025-04-10T00:23:01.107Z', 68),
(768, 'SARAYDÜZÜ', 14, '2025-04-10T00:23:01.107Z', 8),
(769, 'TÜRKELİ', 14, '2025-04-10T00:23:01.107Z', 37),
(770, 'AKINCILAR', 63, '2025-04-10T00:23:01.107Z', 14),
(771, 'ALTINYAYLA', 63, '2025-04-10T00:23:01.107Z', 74),
(772, 'DİVRİĞİ', 63, '2025-04-10T00:23:01.107Z', 85),
(773, 'DOĞANŞAR', 63, '2025-04-10T00:23:01.107Z', 54),
(774, 'GEMEREK', 63, '2025-04-10T00:23:01.107Z', 1),
(775, 'GÖLOVA', 63, '2025-04-10T00:23:01.107Z', 45),
(776, 'GÜRÜN', 63, '2025-04-10T00:23:01.107Z', 79),
(777, 'HAFİK', 63, '2025-04-10T00:23:01.107Z', 32),
(778, 'İMRANLI', 63, '2025-04-10T00:23:01.107Z', 38),
(779, 'KANGAL', 63, '2025-04-10T00:23:01.107Z', 31),
(780, 'KOYULHİSAR', 63, '2025-04-10T00:23:01.107Z', 29),
(781, 'MERKEZ', 63, '2025-04-10T00:23:01.107Z', 31),
(782, 'SUŞEHRİ', 63, '2025-04-10T00:23:01.107Z', 18),
(783, 'ŞARKIŞLA', 63, '2025-04-10T00:23:01.107Z', 88),
(784, 'ULAŞ', 63, '2025-04-10T00:23:01.107Z', 29),
(785, 'YILDIZELİ', 63, '2025-04-10T00:23:01.107Z', 37),
(786, 'ZARA', 63, '2025-04-10T00:23:01.107Z', 9),
(787, 'ÇERKEZKÖY', 49, '2025-04-10T00:23:01.107Z', 67),
(788, 'ÇORLU', 49, '2025-04-10T00:23:01.107Z', 22),
(789, 'ERGENE', 49, '2025-04-10T00:23:01.107Z', 5),
(790, 'HAYRABOLU', 49, '2025-04-10T00:23:01.107Z', 44),
(791, 'KAPAKLI', 49, '2025-04-10T00:23:01.107Z', 81),
(792, 'MALKARA', 49, '2025-04-10T00:23:01.107Z', 35),
(793, 'MARMARAEREĞLİSİ', 49, '2025-04-10T00:23:01.107Z', 73),
(794, 'MURATLI', 49, '2025-04-10T00:23:01.107Z', 41),
(795, 'SARAY', 49, '2025-04-10T00:23:01.107Z', 94),
(796, 'SÜLEYMANPAŞA', 49, '2025-04-10T00:23:01.107Z', 89),
(797, 'ŞARKÖY', 49, '2025-04-10T00:23:01.107Z', 40),
(798, 'ALMUS', 20, '2025-04-10T00:23:01.107Z', 70),
(799, 'ARTOVA', 20, '2025-04-10T00:23:01.107Z', 83),
(800, 'BAŞÇİFTLİK', 20, '2025-04-10T00:23:01.107Z', 62);

INSERT INTO districts (id, name, city_id, created_at, problem_solving_rate) VALUES
(801, 'ERBAA', 20, '2025-04-10T00:23:01.107Z', 29),
(802, 'MERKEZ', 20, '2025-04-10T00:23:01.107Z', 54),
(803, 'NİKSAR', 20, '2025-04-10T00:23:01.107Z', 74),
(804, 'PAZAR', 20, '2025-04-10T00:23:01.107Z', 99),
(805, 'REŞADİYE', 20, '2025-04-10T00:23:01.107Z', 93),
(806, 'SULUSARAY', 20, '2025-04-10T00:23:01.107Z', 0),
(807, 'TURHAL', 20, '2025-04-10T00:23:01.107Z', 3),
(808, 'YEŞİLYURT', 20, '2025-04-10T00:23:01.107Z', 4),
(809, 'ZİLE', 20, '2025-04-10T00:23:01.107Z', 64),
(810, 'AKÇAABAT', 62, '2025-04-10T00:23:01.107Z', 51),
(811, 'ARAKLI', 62, '2025-04-10T00:23:01.107Z', 48),
(812, 'ARSİN', 62, '2025-04-10T00:23:01.107Z', 34),
(813, 'BEŞİKDÜZÜ', 62, '2025-04-10T00:23:01.107Z', 37),
(814, 'ÇARŞIBAŞI', 62, '2025-04-10T00:23:01.107Z', 33),
(815, 'ÇAYKARA', 62, '2025-04-10T00:23:01.107Z', 57),
(816, 'DERNEKPAZARI', 62, '2025-04-10T00:23:01.107Z', 88),
(817, 'DÜZKÖY', 62, '2025-04-10T00:23:01.107Z', 78),
(818, 'HAYRAT', 62, '2025-04-10T00:23:01.107Z', 36),
(819, 'KÖPRÜBAŞI', 62, '2025-04-10T00:23:01.107Z', 45),
(820, 'MAÇKA', 62, '2025-04-10T00:23:01.107Z', 99),
(821, 'OF', 62, '2025-04-10T00:23:01.107Z', 59),
(822, 'ORTAHİSAR', 62, '2025-04-10T00:23:01.107Z', 56),
(823, 'SÜRMENE', 62, '2025-04-10T00:23:01.107Z', 58),
(824, 'ŞALPAZARI', 62, '2025-04-10T00:23:01.107Z', 98),
(825, 'TONYA', 62, '2025-04-10T00:23:01.107Z', 8),
(826, 'VAKFIKEBİR', 62, '2025-04-10T00:23:01.107Z', 96),
(827, 'YOMRA', 62, '2025-04-10T00:23:01.107Z', 25),
(828, 'ÇEMİŞGEZEK', 79, '2025-04-10T00:23:01.107Z', 29),
(829, 'HOZAT', 79, '2025-04-10T00:23:01.107Z', 96),
(830, 'MAZGİRT', 79, '2025-04-10T00:23:01.107Z', 39),
(831, 'MERKEZ', 79, '2025-04-10T00:23:01.107Z', 6),
(832, 'NAZIMİYE', 79, '2025-04-10T00:23:01.107Z', 76),
(833, 'OVACIK', 79, '2025-04-10T00:23:01.107Z', 4),
(834, 'PERTEK', 79, '2025-04-10T00:23:01.107Z', 32),
(835, 'PÜLÜMÜR', 79, '2025-04-10T00:23:01.107Z', 67),
(836, 'AKÇAKALE', 53, '2025-04-10T00:23:01.107Z', 11),
(837, 'BİRECİK', 53, '2025-04-10T00:23:01.107Z', 52),
(838, 'BOZOVA', 53, '2025-04-10T00:23:01.107Z', 9),
(839, 'CEYLANPINAR', 53, '2025-04-10T00:23:01.107Z', 12),
(840, 'EYYÜBİYE', 53, '2025-04-10T00:23:01.107Z', 24),
(841, 'HALFETİ', 53, '2025-04-10T00:23:01.107Z', 77),
(842, 'HALİLİYE', 53, '2025-04-10T00:23:01.107Z', 0),
(843, 'HARRAN', 53, '2025-04-10T00:23:01.107Z', 91),
(844, 'HİLVAN', 53, '2025-04-10T00:23:01.107Z', 87),
(845, 'KARAKÖPRÜ', 53, '2025-04-10T00:23:01.107Z', 17),
(846, 'SİVEREK', 53, '2025-04-10T00:23:01.107Z', 7),
(847, 'SURUÇ', 53, '2025-04-10T00:23:01.107Z', 65),
(848, 'VİRANŞEHİR', 53, '2025-04-10T00:23:01.107Z', 41),
(849, 'BANAZ', 31, '2025-04-10T00:23:01.107Z', 73),
(850, 'EŞME', 31, '2025-04-10T00:23:01.107Z', 29),
(851, 'KARAHALLI', 31, '2025-04-10T00:23:01.107Z', 63),
(852, 'MERKEZ', 31, '2025-04-10T00:23:01.107Z', 39),
(853, 'SİVASLI', 31, '2025-04-10T00:23:01.107Z', 77),
(854, 'ULUBEY', 31, '2025-04-10T00:23:01.107Z', 60),
(855, 'BAHÇESARAY', 73, '2025-04-10T00:23:01.107Z', 41),
(856, 'BAŞKALE', 73, '2025-04-10T00:23:01.107Z', 45),
(857, 'ÇALDIRAN', 73, '2025-04-10T00:23:01.107Z', 30),
(858, 'ÇATAK', 73, '2025-04-10T00:23:01.107Z', 92),
(859, 'EDREMİT', 73, '2025-04-10T00:23:01.107Z', 12),
(860, 'ERCİŞ', 73, '2025-04-10T00:23:01.107Z', 23),
(861, 'GEVAŞ', 73, '2025-04-10T00:23:01.107Z', 40),
(862, 'GÜRPINAR', 73, '2025-04-10T00:23:01.107Z', 25),
(863, 'İPEKYOLU', 73, '2025-04-10T00:23:01.107Z', 50),
(864, 'MURADİYE', 73, '2025-04-10T00:23:01.107Z', 19),
(865, 'ÖZALP', 73, '2025-04-10T00:23:01.107Z', 9),
(866, 'SARAY', 73, '2025-04-10T00:23:01.107Z', 33),
(867, 'TUŞBA', 73, '2025-04-10T00:23:01.107Z', 39),
(868, 'AKDAĞMADENİ', 23, '2025-04-10T00:23:01.107Z', 91),
(869, 'AYDINCIK', 23, '2025-04-10T00:23:01.107Z', 38),
(870, 'BOĞAZLIYAN', 23, '2025-04-10T00:23:01.107Z', 86),
(871, 'ÇANDIR', 23, '2025-04-10T00:23:01.107Z', 68),
(872, 'ÇAYIRALAN', 23, '2025-04-10T00:23:01.107Z', 38),
(873, 'ÇEKEREK', 23, '2025-04-10T00:23:01.107Z', 42),
(874, 'KADIŞEHRİ', 23, '2025-04-10T00:23:01.107Z', 9),
(875, 'MERKEZ', 23, '2025-04-10T00:23:01.107Z', 66),
(876, 'SARAYKENT', 23, '2025-04-10T00:23:01.107Z', 36),
(877, 'SARIKAYA', 23, '2025-04-10T00:23:01.107Z', 53),
(878, 'SORGUN', 23, '2025-04-10T00:23:01.107Z', 85),
(879, 'ŞEFAATLİ', 23, '2025-04-10T00:23:01.107Z', 41),
(880, 'YENİFAKILI', 23, '2025-04-10T00:23:01.107Z', 18),
(881, 'YERKÖY', 23, '2025-04-10T00:23:01.107Z', 9),
(882, 'ALAPLI', 41, '2025-04-10T00:23:01.107Z', 16),
(883, 'ÇAYCUMA', 41, '2025-04-10T00:23:01.107Z', 38),
(884, 'DEVREK', 41, '2025-04-10T00:23:01.107Z', 55),
(885, 'EREĞLİ', 41, '2025-04-10T00:23:01.107Z', 19),
(886, 'GÖKÇEBEY', 41, '2025-04-10T00:23:01.107Z', 97),
(887, 'KİLİMLİ', 41, '2025-04-10T00:23:01.107Z', 10),
(888, 'KOZLU', 41, '2025-04-10T00:23:01.107Z', 34),
(889, 'MERKEZ', 41, '2025-04-10T00:23:01.107Z', 97),
(890, 'AĞAÇÖREN', 42, '2025-04-10T00:23:01.107Z', 54),
(891, 'ESKİL', 42, '2025-04-10T00:23:01.107Z', 61),
(892, 'GÜLAĞAÇ', 42, '2025-04-10T00:23:01.107Z', 67),
(893, 'GÜZELYURT', 42, '2025-04-10T00:23:01.107Z', 52),
(894, 'MERKEZ', 42, '2025-04-10T00:23:01.107Z', 99),
(895, 'ORTAKÖY', 42, '2025-04-10T00:23:01.107Z', 93),
(896, 'SARIYAHŞİ', 42, '2025-04-10T00:23:01.107Z', 61),
(897, 'SULTANHANI', 42, '2025-04-10T00:23:01.107Z', 11),
(898, 'AYDINTEPE', 12, '2025-04-10T00:23:01.107Z', 9),
(899, 'DEMİRÖZÜ', 12, '2025-04-10T00:23:01.107Z', 1),
(900, 'MERKEZ', 12, '2025-04-10T00:23:01.107Z', 2);

INSERT INTO districts (id, name, city_id, created_at, problem_solving_rate) VALUES
(901, 'AYRANCI', 83, '2025-04-10T00:23:01.107Z', 31),
(902, 'BAŞYAYLA', 83, '2025-04-10T00:23:01.107Z', 98),
(903, 'ERMENEK', 83, '2025-04-10T00:23:01.107Z', 15),
(904, 'KAZIMKARABEKİR', 83, '2025-04-10T00:23:01.107Z', 9),
(905, 'MERKEZ', 83, '2025-04-10T00:23:01.107Z', 1),
(906, 'SARIVELİLER', 83, '2025-04-10T00:23:01.107Z', 54),
(907, 'BAHŞİLİ', 82, '2025-04-10T00:23:01.107Z', 66),
(908, 'BALIŞEYH', 82, '2025-04-10T00:23:01.107Z', 42),
(909, 'ÇELEBİ', 82, '2025-04-10T00:23:01.107Z', 96),
(910, 'DELİCE', 82, '2025-04-10T00:23:01.107Z', 53),
(911, 'KARAKEÇİLİ', 82, '2025-04-10T00:23:01.107Z', 2),
(912, 'KESKİN', 82, '2025-04-10T00:23:01.107Z', 17),
(913, 'MERKEZ', 82, '2025-04-10T00:23:01.107Z', 0),
(914, 'SULAKYURT', 82, '2025-04-10T00:23:01.107Z', 43),
(915, 'YAHŞİHAN', 82, '2025-04-10T00:23:01.107Z', 89),
(916, 'BEŞİRİ', 55, '2025-04-10T00:23:01.107Z', 34),
(917, 'GERCÜŞ', 55, '2025-04-10T00:23:01.107Z', 24),
(918, 'HASANKEYF', 55, '2025-04-10T00:23:01.107Z', 65),
(919, 'KOZLUK', 55, '2025-04-10T00:23:01.107Z', 14),
(920, 'MERKEZ', 55, '2025-04-10T00:23:01.107Z', 11),
(921, 'SASON', 55, '2025-04-10T00:23:01.107Z', 42),
(922, 'BEYTÜŞŞEBAP', 47, '2025-04-10T00:23:01.107Z', 61),
(923, 'CİZRE', 47, '2025-04-10T00:23:01.107Z', 38),
(924, 'GÜÇLÜKONAK', 47, '2025-04-10T00:23:01.107Z', 86),
(925, 'İDİL', 47, '2025-04-10T00:23:01.107Z', 15),
(926, 'MERKEZ', 47, '2025-04-10T00:23:01.107Z', 7),
(927, 'SİLOPİ', 47, '2025-04-10T00:23:01.107Z', 31),
(928, 'ULUDERE', 47, '2025-04-10T00:23:01.107Z', 89),
(929, 'AMASRA', 15, '2025-04-10T00:23:01.107Z', 37),
(930, 'KURUCAŞİLE', 15, '2025-04-10T00:23:01.107Z', 45),
(931, 'MERKEZ', 15, '2025-04-10T00:23:01.107Z', 80),
(932, 'ULUS', 15, '2025-04-10T00:23:01.107Z', 42),
(933, 'ÇILDIR', 69, '2025-04-10T00:23:01.107Z', 64),
(934, 'DAMAL', 69, '2025-04-10T00:23:01.107Z', 11),
(935, 'GÖLE', 69, '2025-04-10T00:23:01.107Z', 3),
(936, 'HANAK', 69, '2025-04-10T00:23:01.107Z', 0),
(937, 'MERKEZ', 69, '2025-04-10T00:23:01.107Z', 83),
(938, 'POSOF', 69, '2025-04-10T00:23:01.107Z', 27),
(939, 'ARALIK', 28, '2025-04-10T00:23:01.107Z', 33),
(940, 'KARAKOYUNLU', 28, '2025-04-10T00:23:01.107Z', 30),
(941, 'MERKEZ', 28, '2025-04-10T00:23:01.107Z', 2),
(942, 'TUZLUCA', 28, '2025-04-10T00:23:01.107Z', 98),
(943, 'ALTINOVA', 60, '2025-04-10T00:23:01.107Z', 43),
(944, 'ARMUTLU', 60, '2025-04-10T00:23:01.107Z', 90),
(945, 'ÇINARCIK', 60, '2025-04-10T00:23:01.107Z', 12),
(946, 'ÇİFTLİKKÖY', 60, '2025-04-10T00:23:01.107Z', 34),
(947, 'MERKEZ', 60, '2025-04-10T00:23:01.107Z', 28),
(948, 'TERMAL', 60, '2025-04-10T00:23:01.107Z', 47),
(949, 'EFLANİ', 38, '2025-04-10T00:23:01.107Z', 3),
(950, 'ESKİPAZAR', 38, '2025-04-10T00:23:01.107Z', 20),
(951, 'MERKEZ', 38, '2025-04-10T00:23:01.107Z', 64),
(952, 'OVACIK', 38, '2025-04-10T00:23:01.107Z', 2),
(953, 'SAFRANBOLU', 38, '2025-04-10T00:23:01.107Z', 11),
(954, 'YENİCE', 38, '2025-04-10T00:23:01.107Z', 0),
(955, 'ELBEYLİ', 78, '2025-04-10T00:23:01.107Z', 52),
(956, 'MERKEZ', 78, '2025-04-10T00:23:01.107Z', 80),
(957, 'MUSABEYLİ', 78, '2025-04-10T00:23:01.107Z', 68),
(958, 'POLATELİ', 78, '2025-04-10T00:23:01.107Z', 19),
(959, 'BAHÇE', 4, '2025-04-10T00:23:01.107Z', 50),
(960, 'DÜZİÇİ', 4, '2025-04-10T00:23:01.107Z', 23),
(961, 'HASANBEYLİ', 4, '2025-04-10T00:23:01.107Z', 65),
(962, 'KADİRLİ', 4, '2025-04-10T00:23:01.107Z', 89),
(963, 'MERKEZ', 4, '2025-04-10T00:23:01.107Z', 44),
(964, 'SUMBAS', 4, '2025-04-10T00:23:01.107Z', 13),
(965, 'TOPRAKKALE', 4, '2025-04-10T00:23:01.107Z', 34),
(966, 'AKÇAKOCA', 70, '2025-04-10T00:23:01.107Z', 42),
(967, 'CUMAYERİ', 70, '2025-04-10T00:23:01.107Z', 81),
(968, 'ÇİLİMLİ', 70, '2025-04-10T00:23:01.107Z', 68),
(969, 'GÖLYAKA', 70, '2025-04-10T00:23:01.107Z', 93),
(970, 'GÜMÜŞOVA', 70, '2025-04-10T00:23:01.107Z', 18),
(971, 'KAYNAŞLI', 70, '2025-04-10T00:23:01.107Z', 8),
(972, 'MERKEZ', 70, '2025-04-10T00:23:01.107Z', 26),
(973, 'YIĞILCA', 70, '2025-04-10T00:23:01.107Z', 61);

-- media verilerini temizle
DELETE FROM media;
-- media verilerini import et
INSERT INTO media (id, post_id, url, type, created_at) VALUES
(1, 22, 'https://images.unsplash.com/photo-1605600659873-d808a13e4d2f?q=80&w=1000', 'image', '2025-04-11T14:08:49.671Z'),
(2, 22, 'https://images.unsplash.com/photo-1605600659873-d808a13e4d2f?q=80&w=1000', 'image', '2025-04-11T14:08:49.701Z'),
(3, 24, 'https://images.unsplash.com/photo-1528262502195-26dfb3c29f8f?q=80&w=1000', 'image', '2025-04-11T14:08:50.132Z'),
(4, 24, 'https://images.unsplash.com/photo-1528262502195-26dfb3c29f8f?q=80&w=1000', 'image', '2025-04-11T14:08:50.152Z'),
(5, 26, 'https://images.unsplash.com/photo-1628515334134-870832b6e76a?q=80&w=1000', 'image', '2025-04-11T14:08:50.574Z'),
(6, 26, 'https://images.unsplash.com/photo-1628515334134-870832b6e76a?q=80&w=1000', 'image', '2025-04-11T14:08:50.595Z'),
(7, 30, 'https://images.unsplash.com/photo-1549042261-24c2ddb5df68?q=80&w=1000', 'image', '2025-04-11T14:08:51.388Z'),
(8, 30, 'https://images.unsplash.com/photo-1549042261-24c2ddb5df68?q=80&w=1000', 'image', '2025-04-11T14:08:51.410Z'),
(9, 32, 'https://www.youtube.com/watch?v=dQw4w9WgXcQ', 'video', '2025-04-11T14:08:51.823Z'),
(10, 32, 'https://www.youtube.com/watch?v=dQw4w9WgXcQ', 'video', '2025-04-11T14:08:51.844Z'),
(12, 36, 'https://images.unsplash.com/photo-1526714719019-b3032b5b5aac?q=80&w=1000', 'image', '2025-04-11T14:08:52.626Z'),
(13, 38, 'https://www.youtube.com/watch?v=a3ICNMQW7Ok', 'video', '2025-04-11T14:08:53.045Z'),
(14, 38, 'https://www.youtube.com/watch?v=a3ICNMQW7Ok', 'video', '2025-04-11T14:08:53.066Z'),
(15, 10, 'https://picsum.photos/800/600', 'image', '2025-04-11T14:44:48.276Z'),
(17, 7, 'https://picsum.photos/800/500', 'image', '2025-04-11T14:44:58.653Z'),
(18, 23, 'https://www.youtube.com/embed/C0DPdy98e4c', 'video', '2025-04-11T14:45:02.367Z'),
(19, 5, 'https://picsum.photos/900/600', 'image', '2025-04-11T14:45:06.675Z'),
(22, 11, 'uploads/1744383142_technology-image-globe_114588-838.jpg', 'image', '2025-04-11T14:52:22.893Z'),
(24, 12, 'uploads/1744400518_1000146158.jpg', 'image', '2025-04-11T19:41:58.189Z');

-- migrations verilerini temizle
DELETE FROM migrations;
-- migrations verilerini import et
-- notifications verilerini temizle
DELETE FROM notifications;
-- notifications verilerini import et
INSERT INTO notifications (id, user_id, title, content, type, is_read, source_id, source_type, data, created_at) VALUES
(1, 135, 'Yorumunuza yanıt geldi', '@admin yorumunuza yanıt verdi: "Merhaba"', 'reply', FALSE, 34, 'comment', NULL, '2025-04-13T08:11:52.727Z'),
(2, 135, 'Yorumunuza yanıt geldi', '@admin yorumunuza yanıt verdi: "anonim"', 'reply', FALSE, 34, 'comment', NULL, '2025-04-13T08:12:06.489Z');

-- posts verilerini temizle
DELETE FROM posts;
-- posts verilerini import et
INSERT INTO posts (id, title, content, user_id, category_id, city_id, district_id, status, type, likes, highlights, comment_count, is_anonymous, created_at) VALUES
(1, 'Park alanında çöp sorunu', 'Atatürk Parkı''nda son zamanlarda çöp kutuları düzenli olarak boşaltılmıyor. Özellikle hafta sonları park çöplerle doluyor ve kötü koku oluşuyor. Bu sorunun en kısa zamanda çözülmesi gerekiyor. Çocukların oyun alanları da temiz değil.', 4, 8, 8, 532, 'awaitingSolution', 'problem', 11, 6, 0, FALSE, '2025-03-20T14:08:03.942Z'),
(2, 'Park alanında çöp sorunu', 'Atatürk Parkı''nda son zamanlarda çöp kutuları düzenli olarak boşaltılmıyor. Özellikle hafta sonları park çöplerle doluyor ve kötü koku oluşuyor. Bu sorunun en kısa zamanda çözülmesi gerekiyor. Çocukların oyun alanları da temiz değil.', 4, 8, 8, 532, 'awaitingSolution', 'problem', 11, 6, 0, FALSE, '2025-03-20T14:08:03.974Z'),
(3, 'İlçemizde yeni bisiklet yolları yapılsın', 'Bisiklet kullanımını teşvik etmek ve daha sağlıklı bir toplum oluşturmak için ilçemize güvenli bisiklet yolları yapılmasını öneriyorum. Özellikle ana caddelerde ve sahil şeridinde bisiklet yolları yapılırsa hem trafik rahatlar hem de insanlar daha fazla spor yapar.', 1, 6, 77, 425, 'rejected', 'suggestion', 21, 8, 0, FALSE, '2025-03-29T14:08:04.341Z'),
(4, 'İlçemizde yeni bisiklet yolları yapılsın', 'Bisiklet kullanımını teşvik etmek ve daha sağlıklı bir toplum oluşturmak için ilçemize güvenli bisiklet yolları yapılmasını öneriyorum. Özellikle ana caddelerde ve sahil şeridinde bisiklet yolları yapılırsa hem trafik rahatlar hem de insanlar daha fazla spor yapar.', 1, 6, 77, 425, 'rejected', 'suggestion', 21, 8, 0, FALSE, '2025-03-29T14:08:04.363Z'),
(5, 'Kaldırımlarda engelli erişimi sorunu', 'Merkez mahallede kaldırımların birçoğunda engelli rampaları ya yok ya da standartlara uygun değil. Tekerlekli sandalye kullananlar ve görme engelliler için bu durum büyük sorun yaratıyor. Ayrıca bazı kaldırımlarda ağaç kökleri kaldırımları kaldırmış durumda.', 4, 6, 11, 194, 'rejected', 'problem', 115, 36, 0, FALSE, '2025-03-17T14:08:04.704Z'),
(6, 'Kaldırımlarda engelli erişimi sorunu', 'Merkez mahallede kaldırımların birçoğunda engelli rampaları ya yok ya da standartlara uygun değil. Tekerlekli sandalye kullananlar ve görme engelliler için bu durum büyük sorun yaratıyor. Ayrıca bazı kaldırımlarda ağaç kökleri kaldırımları kaldırmış durumda.', 4, 6, 11, 194, 'rejected', 'problem', 115, 36, 0, FALSE, '2025-03-17T14:08:04.728Z'),
(7, 'Mahalle sakinlerine ücretsiz sağlık taraması', 'Bu hafta sonu, 09:00-17:00 saatleri arasında Kültür Merkezi''nde ücretsiz sağlık taraması yapılacaktır. Tansiyon, şeker, kolesterol ölçümleri ve genel sağlık kontrolü için tüm mahalle sakinlerimiz davetlidir. Lütfen kimlik kartınızı getirmeyi unutmayın.', 4, 8, 58, 102, 'inProgress', 'announcement', 114, 47, 0, FALSE, '2025-04-07T14:08:05.077Z'),
(8, 'Mahalle sakinlerine ücretsiz sağlık taraması', 'Bu hafta sonu, 09:00-17:00 saatleri arasında Kültür Merkezi''nde ücretsiz sağlık taraması yapılacaktır. Tansiyon, şeker, kolesterol ölçümleri ve genel sağlık kontrolü için tüm mahalle sakinlerimiz davetlidir. Lütfen kimlik kartınızı getirmeyi unutmayın.', 4, 8, 58, 102, 'inProgress', 'announcement', 114, 47, 0, FALSE, '2025-04-07T14:08:05.098Z'),
(9, 'Sokak hayvanları için mama ve su kapları', 'İlçemizin çeşitli noktalarına sokak hayvanları için mama ve su kapları yerleştirilmesini öneriyorum. Özellikle yaz aylarında su bulma konusunda zorluk yaşayan sokak hayvanları için bu önemli bir ihtiyaç. Belediyenin bu konuya duyarlı davranacağını umuyorum.', 1, 3, 25, 712, 'inProgress', 'suggestion', 62, 54, 0, FALSE, '2025-04-08T14:08:05.420Z'),
(13, 'Spor salonu ücretlerindeki artış', 'Belediyeye ait spor salonunda ücretlere yapılan son zamlar çok yüksek. Özellikle öğrenciler ve emekliler bu zamlardan sonra spor salonunu kullanamaz hale geldi. Belediyenin bu konuyu tekrar değerlendirmesini ve özellikle öğrenci ve emekliler için indirimli tarifeler uygulamasını rica ediyorum.', 4, 1, 26, 10, 'inProgress', 'general', 27, 16, 0, FALSE, '2025-03-15T14:08:06.177Z'),
(14, 'Spor salonu ücretlerindeki artış', 'Belediyeye ait spor salonunda ücretlere yapılan son zamlar çok yüksek. Özellikle öğrenciler ve emekliler bu zamlardan sonra spor salonunu kullanamaz hale geldi. Belediyenin bu konuyu tekrar değerlendirmesini ve özellikle öğrenci ve emekliler için indirimli tarifeler uygulamasını rica ediyorum.', 4, 1, 26, 10, 'inProgress', 'general', 27, 16, 0, FALSE, '2025-03-15T14:08:06.197Z'),
(15, 'Yeni açılan kültür merkezi', 'Geçen hafta açılan kültür merkezi gerçekten çok güzel olmuş. Özellikle kütüphane bölümü çok ferah ve kullanışlı. Belediyemizi bu güzel hizmet için tebrik ediyorum. Umarım benzer projelere devam edilir ve kültürel etkinlikler artırılır.', 1, 9, 17, 415, 'inProgress', 'general', 233, 69, 0, FALSE, '2025-03-21T14:08:06.517Z'),
(16, 'Yeni açılan kültür merkezi', 'Geçen hafta açılan kültür merkezi gerçekten çok güzel olmuş. Özellikle kütüphane bölümü çok ferah ve kullanışlı. Belediyemizi bu güzel hizmet için tebrik ediyorum. Umarım benzer projelere devam edilir ve kültürel etkinlikler artırılır.', 1, 9, 17, 415, 'inProgress', 'general', 233, 69, 0, FALSE, '2025-03-21T14:08:06.538Z'),
(17, 'Sel baskını sonrası altyapı sorunu', 'Geçen haftaki yağışlar sonrası Yeni Mahalle''de ciddi sel baskınları yaşandı. Birçok ev ve iş yerinin alt katları su altında kaldı. Bu durum altyapının yetersiz olduğunu gösteriyor. Belediyenin özellikle yağmur suyu kanallarını temizlemesi ve genişletmesi gerekiyor.', 4, 8, 33, 52, 'inProgress', 'problem', 82, 51, 0, FALSE, '2025-03-29T14:08:06.887Z'),
(18, 'Sel baskını sonrası altyapı sorunu', 'Geçen haftaki yağışlar sonrası Yeni Mahalle''de ciddi sel baskınları yaşandı. Birçok ev ve iş yerinin alt katları su altında kaldı. Bu durum altyapının yetersiz olduğunu gösteriyor. Belediyenin özellikle yağmur suyu kanallarını temizlemesi ve genişletmesi gerekiyor.', 4, 8, 33, 52, 'inProgress', 'problem', 82, 51, 0, FALSE, '2025-03-29T14:08:06.907Z'),
(19, 'Sokak aydınlatmalarının yetersizliği', 'Bahçelievler bölgesindeki sokak lambaları çok seyrek ve ışıkları yetersiz. Bu durum özellikle kış aylarında akşam saatlerinde güvenlik sorunu yaratıyor. Aydınlatmaların artırılması ve mevcut lambaların daha güçlü LED lambalarla değiştirilmesi faydalı olacaktır.', 1, 7, 83, 905, 'rejected', 'suggestion', 137, 28, 0, FALSE, '2025-04-01T14:08:07.267Z'),
(11, 'Trafik ışıklarının çalışmaması', 'Ana bulvardaki trafik ışıkları üç gündür çalışmıyor. Bu durum özellikle sabah ve akşam saatlerinde trafik karmaşasına yol açıyor. Kaza riski yüksek, acilen tamir edilmesi gerekiyor.

', 1, 6, 54, 126, 'inProgress', 'problem', 19, 25, 0, FALSE, '2025-04-10T14:08:05.807Z'),
(10, 'Sokak hayvanları için mama ve su kapları', 'İlçemizin çeşitli noktalarına sokak hayvanları için mama ve su kapları yerleştirilmesini öneriyorum. Özellikle yaz aylarında su bulma konusunda zorluk yaşayan sokak hayvanları için bu önemli bir ihtiyaç. Belediyenin bu konuya duyarlı davranacağını umuyorum.', 1, 3, 25, 712, 'inProgress', 'suggestion', 62, 54, 0, FALSE, '2025-04-08T14:08:05.441Z'),
(20, 'Sokak aydınlatmalarının yetersizliği', 'Bahçelievler bölgesindeki sokak lambaları çok seyrek ve ışıkları yetersiz. Bu durum özellikle kış aylarında akşam saatlerinde güvenlik sorunu yaratıyor. Aydınlatmaların artırılması ve mevcut lambaların daha güçlü LED lambalarla değiştirilmesi faydalı olacaktır.', 1, 7, 83, 905, 'rejected', 'suggestion', 137, 28, 0, FALSE, '2025-04-01T14:08:07.291Z'),
(21, 'Park alanında çöp sorunu', 'Atatürk Parkı''nda son zamanlarda çöp kutuları düzenli olarak boşaltılmıyor. Özellikle hafta sonları park çöplerle doluyor ve kötü koku oluşuyor. Bu sorunun en kısa zamanda çözülmesi gerekiyor. Çocukların oyun alanları da temiz değil.', 4, 3, 77, 450, 'inProgress', 'problem', 70, 24, 0, FALSE, '2025-03-15T14:08:49.587Z'),
(22, 'Park alanında çöp sorunu', 'Atatürk Parkı''nda son zamanlarda çöp kutuları düzenli olarak boşaltılmıyor. Özellikle hafta sonları park çöplerle doluyor ve kötü koku oluşuyor. Bu sorunun en kısa zamanda çözülmesi gerekiyor. Çocukların oyun alanları da temiz değil.', 4, 3, 77, 450, 'inProgress', 'problem', 70, 24, 0, FALSE, '2025-03-15T14:08:49.609Z'),
(23, 'İlçemizde yeni bisiklet yolları yapılsın', 'Bisiklet kullanımını teşvik etmek ve daha sağlıklı bir toplum oluşturmak için ilçemize güvenli bisiklet yolları yapılmasını öneriyorum. Özellikle ana caddelerde ve sahil şeridinde bisiklet yolları yapılırsa hem trafik rahatlar hem de insanlar daha fazla spor yapar.', 4, 2, 41, 888, 'awaitingSolution', 'suggestion', 119, 5, 0, FALSE, '2025-03-31T14:08:50.037Z'),
(24, 'İlçemizde yeni bisiklet yolları yapılsın', 'Bisiklet kullanımını teşvik etmek ve daha sağlıklı bir toplum oluşturmak için ilçemize güvenli bisiklet yolları yapılmasını öneriyorum. Özellikle ana caddelerde ve sahil şeridinde bisiklet yolları yapılırsa hem trafik rahatlar hem de insanlar daha fazla spor yapar.', 4, 2, 41, 888, 'awaitingSolution', 'suggestion', 119, 5, 0, FALSE, '2025-03-31T14:08:50.061Z'),
(25, 'Kaldırımlarda engelli erişimi sorunu', 'Merkez mahallede kaldırımların birçoğunda engelli rampaları ya yok ya da standartlara uygun değil. Tekerlekli sandalye kullananlar ve görme engelliler için bu durum büyük sorun yaratıyor. Ayrıca bazı kaldırımlarda ağaç kökleri kaldırımları kaldırmış durumda.', 4, 4, 10, 736, 'inProgress', 'problem', 30, 14, 0, FALSE, '2025-04-04T14:08:50.484Z'),
(26, 'Kaldırımlarda engelli erişimi sorunu', 'Merkez mahallede kaldırımların birçoğunda engelli rampaları ya yok ya da standartlara uygun değil. Tekerlekli sandalye kullananlar ve görme engelliler için bu durum büyük sorun yaratıyor. Ayrıca bazı kaldırımlarda ağaç kökleri kaldırımları kaldırmış durumda.', 4, 4, 10, 736, 'inProgress', 'problem', 30, 14, 0, FALSE, '2025-04-04T14:08:50.506Z'),
(27, 'Mahalle sakinlerine ücretsiz sağlık taraması', 'Bu hafta sonu, 09:00-17:00 saatleri arasında Kültür Merkezi''nde ücretsiz sağlık taraması yapılacaktır. Tansiyon, şeker, kolesterol ölçümleri ve genel sağlık kontrolü için tüm mahalle sakinlerimiz davetlidir. Lütfen kimlik kartınızı getirmeyi unutmayın.', 4, 7, 57, 25, 'solved', 'announcement', 38, 46, 0, FALSE, '2025-03-14T14:08:50.927Z'),
(28, 'Mahalle sakinlerine ücretsiz sağlık taraması', 'Bu hafta sonu, 09:00-17:00 saatleri arasında Kültür Merkezi''nde ücretsiz sağlık taraması yapılacaktır. Tansiyon, şeker, kolesterol ölçümleri ve genel sağlık kontrolü için tüm mahalle sakinlerimiz davetlidir. Lütfen kimlik kartınızı getirmeyi unutmayın.', 4, 7, 57, 25, 'solved', 'announcement', 38, 46, 0, FALSE, '2025-03-14T14:08:50.949Z'),
(29, 'Sokak hayvanları için mama ve su kapları', 'İlçemizin çeşitli noktalarına sokak hayvanları için mama ve su kapları yerleştirilmesini öneriyorum. Özellikle yaz aylarında su bulma konusunda zorluk yaşayan sokak hayvanları için bu önemli bir ihtiyaç. Belediyenin bu konuya duyarlı davranacağını umuyorum.', 4, 3, 3, 225, 'awaitingSolution', 'suggestion', 85, 57, 0, FALSE, '2025-04-03T14:08:51.278Z'),
(30, 'Sokak hayvanları için mama ve su kapları', 'İlçemizin çeşitli noktalarına sokak hayvanları için mama ve su kapları yerleştirilmesini öneriyorum. Özellikle yaz aylarında su bulma konusunda zorluk yaşayan sokak hayvanları için bu önemli bir ihtiyaç. Belediyenin bu konuya duyarlı davranacağını umuyorum.', 4, 3, 3, 225, 'awaitingSolution', 'suggestion', 85, 57, 0, FALSE, '2025-04-03T14:08:51.302Z'),
(31, 'Trafik ışıklarının çalışmaması', 'Ana bulvardaki trafik ışıkları üç gündür çalışmıyor. Bu durum özellikle sabah ve akşam saatlerinde trafik karmaşasına yol açıyor. Kaza riski yüksek, acilen tamir edilmesi gerekiyor.', 1, 4, 41, 887, 'inProgress', 'problem', 32, 15, 0, FALSE, '2025-03-22T14:08:51.736Z'),
(32, 'Trafik ışıklarının çalışmaması', 'Ana bulvardaki trafik ışıkları üç gündür çalışmıyor. Bu durum özellikle sabah ve akşam saatlerinde trafik karmaşasına yol açıyor. Kaza riski yüksek, acilen tamir edilmesi gerekiyor.', 1, 4, 41, 887, 'inProgress', 'problem', 32, 15, 0, FALSE, '2025-03-22T14:08:51.757Z'),
(33, 'Spor salonu ücretlerindeki artış', 'Belediyeye ait spor salonunda ücretlere yapılan son zamlar çok yüksek. Özellikle öğrenciler ve emekliler bu zamlardan sonra spor salonunu kullanamaz hale geldi. Belediyenin bu konuyu tekrar değerlendirmesini ve özellikle öğrenci ve emekliler için indirimli tarifeler uygulamasını rica ediyorum.', 4, 7, 18, 688, 'solved', 'general', 107, 10, 0, FALSE, '2025-03-14T14:08:52.171Z'),
(34, 'Spor salonu ücretlerindeki artış', 'Belediyeye ait spor salonunda ücretlere yapılan son zamlar çok yüksek. Özellikle öğrenciler ve emekliler bu zamlardan sonra spor salonunu kullanamaz hale geldi. Belediyenin bu konuyu tekrar değerlendirmesini ve özellikle öğrenci ve emekliler için indirimli tarifeler uygulamasını rica ediyorum.', 4, 7, 18, 688, 'solved', 'general', 107, 10, 0, FALSE, '2025-03-14T14:08:52.192Z'),
(35, 'Yeni açılan kültür merkezi', 'Geçen hafta açılan kültür merkezi gerçekten çok güzel olmuş. Özellikle kütüphane bölümü çok ferah ve kullanışlı. Belediyemizi bu güzel hizmet için tebrik ediyorum. Umarım benzer projelere devam edilir ve kültürel etkinlikler artırılır.', 1, 5, 8, 528, 'solved', 'general', 133, 72, 0, FALSE, '2025-04-04T14:08:52.500Z'),
(36, 'Yeni açılan kültür merkezi', 'Geçen hafta açılan kültür merkezi gerçekten çok güzel olmuş. Özellikle kütüphane bölümü çok ferah ve kullanışlı. Belediyemizi bu güzel hizmet için tebrik ediyorum. Umarım benzer projelere devam edilir ve kültürel etkinlikler artırılır.', 1, 5, 8, 528, 'solved', 'general', 133, 72, 0, FALSE, '2025-04-04T14:08:52.522Z'),
(37, 'Sel baskını sonrası altyapı sorunu', 'Geçen haftaki yağışlar sonrası Yeni Mahalle''de ciddi sel baskınları yaşandı. Birçok ev ve iş yerinin alt katları su altında kaldı. Bu durum altyapının yetersiz olduğunu gösteriyor. Belediyenin özellikle yağmur suyu kanallarını temizlemesi ve genişletmesi gerekiyor.', 1, 9, 45, 258, 'rejected', 'problem', 181, 53, 0, FALSE, '2025-03-23T14:08:52.963Z'),
(38, 'Sel baskını sonrası altyapı sorunu', 'Geçen haftaki yağışlar sonrası Yeni Mahalle''de ciddi sel baskınları yaşandı. Birçok ev ve iş yerinin alt katları su altında kaldı. Bu durum altyapının yetersiz olduğunu gösteriyor. Belediyenin özellikle yağmur suyu kanallarını temizlemesi ve genişletmesi gerekiyor.', 1, 9, 45, 258, 'rejected', 'problem', 181, 53, 0, FALSE, '2025-03-23T14:08:52.984Z'),
(39, 'Sokak aydınlatmalarının yetersizliği', 'Bahçelievler bölgesindeki sokak lambaları çok seyrek ve ışıkları yetersiz. Bu durum özellikle kış aylarında akşam saatlerinde güvenlik sorunu yaratıyor. Aydınlatmaların artırılması ve mevcut lambaların daha güçlü LED lambalarla değiştirilmesi faydalı olacaktır.', 1, 3, 23, 878, 'solved', 'suggestion', 182, 17, 0, FALSE, '2025-03-27T14:08:53.440Z'),
(40, 'Sokak aydınlatmalarının yetersizliği', 'Bahçelievler bölgesindeki sokak lambaları çok seyrek ve ışıkları yetersiz. Bu durum özellikle kış aylarında akşam saatlerinde güvenlik sorunu yaratıyor. Aydınlatmaların artırılması ve mevcut lambaların daha güçlü LED lambalarla değiştirilmesi faydalı olacaktır.', 1, 3, 23, 878, 'solved', 'suggestion', 182, 17, 0, FALSE, '2025-03-27T14:08:53.467Z'),
(12, 'Trafik ışıklarının çalışmaması Sorunu zafer', 'Zafer Ana bulvardaki trafik ışıkları üç gündür çalışmıyor. Bu durum özellikle sabah ve akşam saatlerinde trafik karmaşasına yol açıyor. Kaza riski yüksek, acilen tamir edilmesi gerekiyor. ', 1, 6, 54, 126, 'inProgress', 'problem', 19, 25, 0, FALSE, '2025-04-10T14:08:05.829Z'),
(80, 'Otobüs hatlarının yetersizliği', 'Parklarımızda güvenlik kameraları ve daha fazla aydınlatma olması gerekiyor. Özellikle akşam saatlerinde parklar güvensiz hale geliyor.', 136, 4, 34, 302, 'solved', 'general', 0, 0, 1, FALSE, '2025-04-11T20:28:28.663Z'),
(79, 'Parkların temizliği ve güvenliği', 'Sokağımızda günlerdir çöpler toplanmıyor ve kötü koku oluşmaya başladı. Belediyenin bu sorunu acilen çözmesini talep ediyoruz.', 138, 6, 6, 348, 'solved', 'problem', 2, 0, 3, FALSE, '2025-04-11T20:28:28.663Z'),
(85, 'Otobüs hatlarının yetersizliği', 'Bazı sokaklar yeterince aydınlatılmıyor ve bu güvenlik sorunları yaratıyor. Aydınlatma sisteminin güçlendirilmesini istiyoruz.', 142, 8, 6, 352, 'inProgress', 'general', 1, 0, 3, FALSE, '2025-04-11T20:28:28.663Z'),
(83, 'Park ve bahçelerin durumu kötü', 'Sabah ve akşam saatlerinde toplu taşıma yetersiz kalıyor. Daha sık sefer konulmasını talep ediyoruz.', 144, 9, 34, 309, 'inProgress', 'problem', 4, 0, 4, FALSE, '2025-04-11T20:28:28.663Z'),
(81, 'Çevre düzenlemesi yapılması gereken bölgeler', 'Merkeze giden otobüs hatları çok az ve seyrek. Yeni güzergahlar eklenmesini talep ediyoruz.', 138, 5, 2, 343, 'solved', 'problem', 3, 0, 0, FALSE, '2025-04-11T20:28:28.663Z'),
(88, 'Şehir aydınlatması sorunu', 'Bazı sokaklar yeterince aydınlatılmıyor ve bu güvenlik sorunları yaratıyor. Aydınlatma sisteminin güçlendirilmesini istiyoruz.', 136, 7, 2, 344, 'rejected', 'announcement', 4, 0, 3, FALSE, '2025-04-11T20:28:28.663Z'),
(87, 'Yol çalışmaları ne zaman bitecek?', 'Sürekli yaşanan su kesintileri günlük hayatımızı olumsuz etkiliyor. Önceden bilgilendirme yapılmasını istiyoruz.', 142, 5, 34, 302, 'solved', 'problem', 2, 0, 0, FALSE, '2025-04-11T20:28:28.663Z'),
(82, 'Otobüs hatlarının yetersizliği', 'Sokağımızda günlerdir çöpler toplanmıyor ve kötü koku oluşmaya başladı. Belediyenin bu sorunu acilen çözmesini talep ediyoruz.', 143, 5, 2, 338, 'rejected', 'general', 5, 0, 3, FALSE, '2025-04-11T20:28:28.663Z'),
(84, 'Çevre düzenlemesi yapılması gereken bölgeler', 'Okul çıkış saatlerinde trafik çok yoğun oluyor ve bu durum tehlikeli durumlar yaratıyor. Trafik düzenlemesi yapılması gerekiyor.', 137, 9, 34, 304, 'solved', 'announcement', 3, 0, 1, FALSE, '2025-04-11T20:28:28.663Z'),
(86, 'Otobüs hatlarının yetersizliği', 'Bazı sokaklar yeterince aydınlatılmıyor ve bu güvenlik sorunları yaratıyor. Aydınlatma sisteminin güçlendirilmesini istiyoruz.', 137, 7, 6, 353, 'awaitingSolution', 'suggestion', 2, 0, 4, FALSE, '2025-04-11T20:28:28.663Z');

-- settings verilerini temizle
DELETE FROM settings;
-- settings verilerini import et
INSERT INTO settings (id, site_name, site_description, admin_email, maintenance_mode, email_notifications, push_notifications, new_post_notifications, new_user_notifications, api_key, webhook_url, created_at, updated_at) VALUES
(1, 'ŞikayetVar Yönetim', 'Belediye ve Valilik''e yönelik şikayet ve öneri paylaşım platformu', 'admin@sikayetvar.com', FALSE, TRUE, TRUE, TRUE, TRUE, 'ca69cdad8162fe78357ffe4e568507db', 'https://sikayetvar.com/api/webhook', '2025-04-11T13:43:28.278Z', '2025-04-11T13:43:28.278Z');

-- survey_options verilerini temizle
DELETE FROM survey_options;
-- survey_options verilerini import et
INSERT INTO survey_options (id, survey_id, text, vote_count) VALUES
(1, 1, 'Çok memnunum', 45),
(2, 1, 'Memnunum', 82),
(3, 1, 'Kararsızım', 22),
(4, 1, 'Memnun değilim', 58),
(5, 1, 'Hiç memnun değilim', 93),
(6, 2, 'Çok iyi', 35),
(7, 2, 'İyi', 46),
(8, 2, 'Ortalama', 32),
(9, 2, 'Kötü', 54),
(10, 2, 'Çok kötü', 27),
(11, 3, 'Çok temiz ve düzenli', 81),
(12, 3, 'Yeterince temiz', 53),
(13, 3, 'Bazen sorunlar yaşanıyor', 91),
(14, 3, 'Genellikle kirli', 46),
(15, 3, 'Çok kirli ve düzensiz', 78);

-- survey_regional_results verilerini temizle
DELETE FROM survey_regional_results;
-- survey_regional_results verilerini import et
-- surveys verilerini temizle
DELETE FROM surveys;
-- surveys verilerini import et
INSERT INTO surveys (id, title, short_title, description, category_id, scope_type, city_id, district_id, start_date, end_date, total_users, is_active, created_at) VALUES
(1, 'Şehir İçi Ulaşım Memnuniyeti', 'Ulaşım Anketi', 'Bu anket, şehirdeki toplu taşıma ve ulaşım hizmetleri hakkında vatandaş memnuniyetini ölçmek için hazırlanmıştır.', 3, 'general', NULL, NULL, '2025-04-11T00:00:00.000Z', '2025-05-11T00:00:00.000Z', 5000, TRUE, '2025-04-11T16:50:41.992Z'),
(2, 'Belediye Hizmetleri Değerlendirme', 'Belediye Hizmetleri', 'Belediyenin sunduğu hizmetlerden memnuniyet düzeyinizi belirtiniz.', 10, 'city', 34, NULL, '2025-04-11T00:00:00.000Z', '2025-05-11T00:00:00.000Z', 3000, TRUE, '2025-04-11T16:50:42.212Z'),
(3, 'Çevre Temizliği ve Atık Yönetimi', 'Çevre Temizliği', 'Yaşadığınız bölgede çevre temizliği ve atık yönetimi hakkındaki düşünceleriniz nelerdir?', 2, 'district', 34, 1, '2025-04-11T00:00:00.000Z', '2025-05-11T00:00:00.000Z', 2000, TRUE, '2025-04-11T16:50:42.421Z');

-- user_likes verilerini temizle
DELETE FROM user_likes;
-- user_likes verilerini import et
INSERT INTO user_likes (id, user_id, post_id, comment_id, created_at) VALUES
(52, 142, 81, NULL, '2025-04-11T20:28:28.663Z'),
(53, 135, 83, NULL, '2025-04-11T20:28:28.663Z'),
(54, 141, 83, NULL, '2025-04-11T20:28:28.663Z'),
(55, 139, 82, NULL, '2025-04-11T20:28:28.663Z'),
(57, 138, 82, NULL, '2025-04-11T20:28:28.663Z'),
(58, 135, 86, NULL, '2025-04-11T20:28:28.663Z'),
(59, 136, 88, NULL, '2025-04-11T20:28:28.663Z'),
(60, 144, 84, NULL, '2025-04-11T20:28:28.663Z'),
(61, 137, 84, NULL, '2025-04-11T20:28:28.663Z'),
(62, 141, 87, NULL, '2025-04-11T20:28:28.663Z'),
(63, 135, 88, NULL, '2025-04-11T20:28:28.663Z'),
(64, 140, 88, NULL, '2025-04-11T20:28:28.663Z'),
(65, 140, 81, NULL, '2025-04-11T20:28:28.663Z'),
(66, 135, 79, NULL, '2025-04-11T20:28:28.663Z'),
(67, 136, 82, NULL, '2025-04-11T20:28:28.663Z'),
(68, 142, 83, NULL, '2025-04-11T20:28:28.663Z'),
(69, 144, 82, NULL, '2025-04-11T20:28:28.663Z'),
(70, 142, 85, NULL, '2025-04-11T20:28:28.663Z'),
(71, 140, 83, NULL, '2025-04-11T20:28:28.663Z'),
(73, 138, 79, NULL, '2025-04-11T20:28:28.663Z'),
(74, 144, 81, NULL, '2025-04-11T20:28:28.663Z'),
(75, 137, 88, NULL, '2025-04-11T20:28:28.663Z'),
(77, 135, 87, NULL, '2025-04-11T20:28:28.663Z'),
(78, 135, 82, NULL, '2025-04-11T20:28:28.663Z'),
(79, 139, 84, NULL, '2025-04-11T20:28:28.663Z'),
(80, 136, 86, NULL, '2025-04-11T20:28:28.663Z'),
(81, 137, NULL, 40, '2025-04-11T20:28:28.663Z'),
(82, 143, NULL, 30, '2025-04-11T20:28:28.663Z'),
(83, 138, NULL, 36, '2025-04-11T20:28:28.663Z'),
(84, 135, NULL, 39, '2025-04-11T20:28:28.663Z'),
(85, 140, NULL, 40, '2025-04-11T20:28:28.663Z'),
(86, 135, NULL, 25, '2025-04-11T20:28:28.663Z'),
(87, 141, NULL, 22, '2025-04-11T20:28:28.663Z'),
(88, 139, NULL, 27, '2025-04-11T20:28:28.663Z'),
(89, 138, NULL, 32, '2025-04-11T20:28:28.663Z'),
(90, 141, NULL, 34, '2025-04-11T20:28:28.663Z'),
(91, 140, NULL, 29, '2025-04-11T20:28:28.663Z'),
(92, 138, NULL, 37, '2025-04-11T20:28:28.663Z'),
(93, 144, NULL, 27, '2025-04-11T20:28:28.663Z'),
(94, 140, NULL, 26, '2025-04-11T20:28:28.663Z'),
(95, 143, NULL, 35, '2025-04-11T20:28:28.663Z'),
(96, 138, NULL, 33, '2025-04-11T20:28:28.663Z'),
(97, 140, NULL, 37, '2025-04-11T20:28:28.663Z'),
(98, 136, NULL, 39, '2025-04-11T20:28:28.663Z'),
(99, 142, NULL, 24, '2025-04-11T20:28:28.663Z'),
(100, 141, NULL, 27, '2025-04-11T20:28:28.663Z');

-- users verilerini temizle
DELETE FROM users;
-- users verilerini import et
INSERT INTO users (id, name, email, password, profile_image_url, bio, city_id, district_id, is_verified, points, post_count, comment_count, level, created_at, username) VALUES
(4, 'Test Kullanıcı', 'test@example.com', 'ecd71870d1963316a97e3ac3408c9835ad8cf0f3c1bc703527c30265534f75ae', 'https://i.pravatar.cc/150?img=3', 'Bu bir test kullanıcısı hesabıdır', 26, 1, TRUE, 100, 0, 0, 'master', '2025-04-10T09:40:47.801Z', 'test'),
(1, 'Admin', 'admin@example.com', '$2b$10$k55g2qPRBM6SCcW8BM3l1OkTEQoiL.Vgab21jzv8x2ZHIV5uC1Pqe', NULL, NULL, NULL, NULL, TRUE, 15, 0, 2, 'master', '2025-04-09T18:59:03.212Z', 'admin'),
(135, 'Hüseyin Kaplan', 'huseyin.kaplan449@example.com', '565c3761ee159b4eceb2b3349dd79f0906d3890d6c72c0e0a3ae06581098f912.dd6ddc491eb536dbda303815646a4452', 'https://randomuser.me/api/portraits/women/3.jpg', NULL, 35, NULL, FALSE, 0, 0, 0, 'newUser', '2025-04-11T20:28:28.663Z', 'huseyin.kaplan449'),
(136, 'Erkan Alp', 'erkan.alp755@example.com', 'f694278f0c4dc50eb2a32278fe413ec4aabed56f22ec431a182dec3407164442.6cda990659316978ce6f462e3cecef6f', 'https://randomuser.me/api/portraits/men/5.jpg', NULL, 6, NULL, FALSE, 0, 0, 0, 'contributor', '2025-04-11T20:28:28.663Z', 'erkan.alp755'),
(137, 'Hülya Avcı', 'hulya.avci433@example.com', '3c48f1c477aa0ea333386090bf67dbdca4fb408bbc3a23c03d551ce62df16d96.537cd73a7274deb2d0c801bf36302b2a', 'https://randomuser.me/api/portraits/women/5.jpg', NULL, 6, NULL, FALSE, 0, 0, 0, 'expert', '2025-04-11T20:28:28.663Z', 'hulya.avci433'),
(138, 'Esra Öztürk', 'esra.ozturk858@example.com', '2fa24e894b170af0ba74d42bbbd8c80ba218202cfeeb916f45bd9591c3e77108.21096160806c7e0f7393b4ca3313a23e', 'https://randomuser.me/api/portraits/women/2.jpg', NULL, 2, NULL, FALSE, 0, 0, 0, 'newUser', '2025-04-11T20:28:28.663Z', 'esra.ozturk858'),
(139, 'Tuğçe Yıldız', 'tugce.yildiz794@example.com', '668252075e309fb5b24dc0fec773862e56bbf7b8a35b132d9b180c6d0f8674cf.9decf2c11dc3e9e3b488fec0ced13abb', 'https://randomuser.me/api/portraits/women/5.jpg', NULL, 2, NULL, FALSE, 0, 0, 0, 'newUser', '2025-04-11T20:28:28.663Z', 'tugce.yildiz794'),
(140, 'Yusuf Aktaş', 'yusuf.aktas364@example.com', '537134a878b669d09696ef32337d8b1d8957988b011cbab18a04ed3c4ef28c99.27bb492ca5b77cd4688b12773d92e98f', 'https://randomuser.me/api/portraits/women/1.jpg', NULL, 6, NULL, FALSE, 0, 0, 0, 'expert', '2025-04-11T20:28:28.663Z', 'yusuf.aktas364'),
(141, 'Gamze Aktaş', 'gamze.aktas195@example.com', '250d03357214b84e5470e2ebaa53b7963b0451df14d499a111526950a3f84c1c.a3a9c5ae2d6e696e3e50a2179ec082e0', 'https://randomuser.me/api/portraits/men/1.jpg', NULL, 6, NULL, FALSE, 0, 0, 0, 'contributor', '2025-04-11T20:28:28.663Z', 'gamze.aktas195'),
(142, 'Elif Yıldırım', 'elif.yildirim80@example.com', '39bbd9cbd947b3534ba0df16734d72f2b28f554e0832b4d52cdef340e035307a.1541fcab77c3d31c9c5c33f390cdf8f8', 'https://randomuser.me/api/portraits/women/1.jpg', NULL, 34, NULL, FALSE, 0, 0, 0, 'newUser', '2025-04-11T20:28:28.663Z', 'elif.yildirim80'),
(143, 'Emine Duran', 'emine.duran590@example.com', '3c93395ee446c283cd8c1566d90da04b283dfd24729f5e2405a0e03a6e539617.cb9e786191866dd3742e916924e71d16', 'https://randomuser.me/api/portraits/women/1.jpg', NULL, 2, NULL, FALSE, 0, 0, 0, 'newUser', '2025-04-11T20:28:28.663Z', 'emine.duran590'),
(144, 'Ahmet Tekin', 'ahmet.tekin215@example.com', '7a8b584095292d4f43a3044ce22beb8b256944e8dc7fdd3899842537856bd1b7.980bb42e7775ec5adc2e502ef3e45c34', 'https://randomuser.me/api/portraits/women/2.jpg', NULL, 35, NULL, FALSE, 0, 0, 0, 'newUser', '2025-04-11T20:28:28.663Z', 'ahmet.tekin215');

