id,name,city_id,created_at
1,ALADAĞ,26,2025-04-10 00:23:01.107079+00
2,CEYHAN,26,2025-04-10 00:23:01.107079+00
3,ÇUKUROVA,26,2025-04-10 00:23:01.107079+00
4,FEKE,26,2025-04-10 00:23:01.107079+00
5,İMAMOĞLU,26,2025-04-10 00:23:01.107079+00
6,KARAİSALI,26,2025-04-10 00:23:01.107079+00
7,KARATAŞ,26,2025-04-10 00:23:01.107079+00
8,KOZAN,26,2025-04-10 00:23:01.107079+00
9,POZANTI,26,2025-04-10 00:23:01.107079+00
10,SAİMBEYLİ,26,2025-04-10 00:23:01.107079+00
11,SARIÇAM,26,2025-04-10 00:23:01.107079+00
12,SEYHAN,26,2025-04-10 00:23:01.107079+00
13,TUFANBEYLİ,26,2025-04-10 00:23:01.107079+00
14,YUMURTALIK,26,2025-04-10 00:23:01.107079+00
15,YÜREĞİR,26,2025-04-10 00:23:01.107079+00
16,BESNİ,21,2025-04-10 00:23:01.107079+00
17,ÇELİKHAN,21,2025-04-10 00:23:01.107079+00
18,GERGER,21,2025-04-10 00:23:01.107079+00
19,GÖLBAŞI,21,2025-04-10 00:23:01.107079+00
20,KAHTA,21,2025-04-10 00:23:01.107079+00
21,MERKEZ,21,2025-04-10 00:23:01.107079+00
22,SAMSAT,21,2025-04-10 00:23:01.107079+00
23,SİNCİK,21,2025-04-10 00:23:01.107079+00
24,TUT,21,2025-04-10 00:23:01.107079+00
25,BAŞMAKÇI,57,2025-04-10 00:23:01.107079+00
26,BAYAT,57,2025-04-10 00:23:01.107079+00
27,BOLVADİN,57,2025-04-10 00:23:01.107079+00
28,ÇAY,57,2025-04-10 00:23:01.107079+00
29,ÇOBANLAR,57,2025-04-10 00:23:01.107079+00
30,DAZKIRI,57,2025-04-10 00:23:01.107079+00
31,DİNAR,57,2025-04-10 00:23:01.107079+00
32,EMİRDAĞ,57,2025-04-10 00:23:01.107079+00
33,EVCİLER,57,2025-04-10 00:23:01.107079+00
34,HOCALAR,57,2025-04-10 00:23:01.107079+00
35,İHSANİYE,57,2025-04-10 00:23:01.107079+00
36,İSCEHİSAR,57,2025-04-10 00:23:01.107079+00
37,KIZILÖREN,57,2025-04-10 00:23:01.107079+00
38,MERKEZ,57,2025-04-10 00:23:01.107079+00
39,SANDIKLI,57,2025-04-10 00:23:01.107079+00
40,SİNANPAŞA,57,2025-04-10 00:23:01.107079+00
41,SULTANDAĞI,57,2025-04-10 00:23:01.107079+00
42,ŞUHUT,57,2025-04-10 00:23:01.107079+00
43,DİYADİN,59,2025-04-10 00:23:01.107079+00
44,DOĞUBAYAZIT,59,2025-04-10 00:23:01.107079+00
45,ELEŞKİRT,59,2025-04-10 00:23:01.107079+00
46,HAMUR,59,2025-04-10 00:23:01.107079+00
47,MERKEZ,59,2025-04-10 00:23:01.107079+00
48,PATNOS,59,2025-04-10 00:23:01.107079+00
49,TAŞLIÇAY,59,2025-04-10 00:23:01.107079+00
50,TUTAK,59,2025-04-10 00:23:01.107079+00
51,GÖYNÜCEK,33,2025-04-10 00:23:01.107079+00
52,GÜMÜŞHACIKÖY,33,2025-04-10 00:23:01.107079+00
53,HAMAMÖZÜ,33,2025-04-10 00:23:01.107079+00
54,MERKEZ,33,2025-04-10 00:23:01.107079+00
55,MERZİFON,33,2025-04-10 00:23:01.107079+00
56,SULUOVA,33,2025-04-10 00:23:01.107079+00
57,TAŞOVA,33,2025-04-10 00:23:01.107079+00
58,AKYURT,22,2025-04-10 00:23:01.107079+00
59,ALTINDAĞ,22,2025-04-10 00:23:01.107079+00
60,AYAŞ,22,2025-04-10 00:23:01.107079+00
61,BALA,22,2025-04-10 00:23:01.107079+00
62,BEYPAZARI,22,2025-04-10 00:23:01.107079+00
63,ÇAMLIDERE,22,2025-04-10 00:23:01.107079+00
64,ÇANKAYA,22,2025-04-10 00:23:01.107079+00
65,ÇUBUK,22,2025-04-10 00:23:01.107079+00
66,ELMADAĞ,22,2025-04-10 00:23:01.107079+00
67,ETİMESGUT,22,2025-04-10 00:23:01.107079+00
68,EVREN,22,2025-04-10 00:23:01.107079+00
69,GÖLBAŞI,22,2025-04-10 00:23:01.107079+00
70,GÜDÜL,22,2025-04-10 00:23:01.107079+00
71,HAYMANA,22,2025-04-10 00:23:01.107079+00
72,KAHRAMANKAZAN,22,2025-04-10 00:23:01.107079+00
73,KALECİK,22,2025-04-10 00:23:01.107079+00
74,KEÇİÖREN,22,2025-04-10 00:23:01.107079+00
75,KIZILCAHAMAM,22,2025-04-10 00:23:01.107079+00
76,MAMAK,22,2025-04-10 00:23:01.107079+00
77,NALLIHAN,22,2025-04-10 00:23:01.107079+00
78,POLATLI,22,2025-04-10 00:23:01.107079+00
79,PURSAKLAR,22,2025-04-10 00:23:01.107079+00
80,SİNCAN,22,2025-04-10 00:23:01.107079+00
81,ŞEREFLİKOÇHİSAR,22,2025-04-10 00:23:01.107079+00
82,YENİMAHALLE,22,2025-04-10 00:23:01.107079+00
83,AKSEKİ,64,2025-04-10 00:23:01.107079+00
84,AKSU,64,2025-04-10 00:23:01.107079+00
85,ALANYA,64,2025-04-10 00:23:01.107079+00
86,DEMRE,64,2025-04-10 00:23:01.107079+00
87,DÖŞEMEALTI,64,2025-04-10 00:23:01.107079+00
88,ELMALI,64,2025-04-10 00:23:01.107079+00
89,FİNİKE,64,2025-04-10 00:23:01.107079+00
90,GAZİPAŞA,64,2025-04-10 00:23:01.107079+00
91,GÜNDOĞMUŞ,64,2025-04-10 00:23:01.107079+00
92,İBRADI,64,2025-04-10 00:23:01.107079+00
93,KAŞ,64,2025-04-10 00:23:01.107079+00
94,KEMER,64,2025-04-10 00:23:01.107079+00
95,KEPEZ,64,2025-04-10 00:23:01.107079+00
96,KONYAALTI,64,2025-04-10 00:23:01.107079+00
97,KORKUTELİ,64,2025-04-10 00:23:01.107079+00
98,KUMLUCA,64,2025-04-10 00:23:01.107079+00
99,MANAVGAT,64,2025-04-10 00:23:01.107079+00
100,MURATPAŞA,64,2025-04-10 00:23:01.107079+00
101,SERİK,64,2025-04-10 00:23:01.107079+00
102,ARDANUÇ,58,2025-04-10 00:23:01.107079+00
103,ARHAVİ,58,2025-04-10 00:23:01.107079+00
104,BORÇKA,58,2025-04-10 00:23:01.107079+00
105,HOPA,58,2025-04-10 00:23:01.107079+00
106,KEMALPAŞA,58,2025-04-10 00:23:01.107079+00
107,MERKEZ,58,2025-04-10 00:23:01.107079+00
108,MURGUL,58,2025-04-10 00:23:01.107079+00
109,ŞAVŞAT,58,2025-04-10 00:23:01.107079+00
110,YUSUFELİ,58,2025-04-10 00:23:01.107079+00
111,BOZDOĞAN,54,2025-04-10 00:23:01.107079+00
112,BUHARKENT,54,2025-04-10 00:23:01.107079+00
113,ÇİNE,54,2025-04-10 00:23:01.107079+00
114,DİDİM,54,2025-04-10 00:23:01.107079+00
115,EFELER,54,2025-04-10 00:23:01.107079+00
116,GERMENCİK,54,2025-04-10 00:23:01.107079+00
117,İNCİRLİOVA,54,2025-04-10 00:23:01.107079+00
118,KARACASU,54,2025-04-10 00:23:01.107079+00
119,KARPUZLU,54,2025-04-10 00:23:01.107079+00
120,KOÇARLI,54,2025-04-10 00:23:01.107079+00
121,KÖŞK,54,2025-04-10 00:23:01.107079+00
122,KUŞADASI,54,2025-04-10 00:23:01.107079+00
123,KUYUCAK,54,2025-04-10 00:23:01.107079+00
124,NAZİLLİ,54,2025-04-10 00:23:01.107079+00
125,SÖKE,54,2025-04-10 00:23:01.107079+00
126,SULTANHİSAR,54,2025-04-10 00:23:01.107079+00
127,YENİPAZAR,54,2025-04-10 00:23:01.107079+00
128,ALTIEYLÜL,44,2025-04-10 00:23:01.107079+00
129,AYVALIK,44,2025-04-10 00:23:01.107079+00
130,BALYA,44,2025-04-10 00:23:01.107079+00
131,BANDIRMA,44,2025-04-10 00:23:01.107079+00
132,BİGADİÇ,44,2025-04-10 00:23:01.107079+00
133,BURHANİYE,44,2025-04-10 00:23:01.107079+00
134,DURSUNBEY,44,2025-04-10 00:23:01.107079+00
135,EDREMİT,44,2025-04-10 00:23:01.107079+00
136,ERDEK,44,2025-04-10 00:23:01.107079+00
137,GÖMEÇ,44,2025-04-10 00:23:01.107079+00
138,GÖNEN,44,2025-04-10 00:23:01.107079+00
139,HAVRAN,44,2025-04-10 00:23:01.107079+00
140,İVRİNDİ,44,2025-04-10 00:23:01.107079+00
141,KARESİ,44,2025-04-10 00:23:01.107079+00
142,KEPSUT,44,2025-04-10 00:23:01.107079+00
143,MANYAS,44,2025-04-10 00:23:01.107079+00
144,MARMARA,44,2025-04-10 00:23:01.107079+00
145,SAVAŞTEPE,44,2025-04-10 00:23:01.107079+00
146,SINDIRGI,44,2025-04-10 00:23:01.107079+00
147,SUSURLUK,44,2025-04-10 00:23:01.107079+00
148,BOZÜYÜK,76,2025-04-10 00:23:01.107079+00
149,GÖLPAZARI,76,2025-04-10 00:23:01.107079+00
150,İNHİSAR,76,2025-04-10 00:23:01.107079+00
151,MERKEZ,76,2025-04-10 00:23:01.107079+00
152,OSMANELİ,76,2025-04-10 00:23:01.107079+00
153,PAZARYERİ,76,2025-04-10 00:23:01.107079+00
154,SÖĞÜT,76,2025-04-10 00:23:01.107079+00
155,YENİPAZAR,76,2025-04-10 00:23:01.107079+00
156,ADAKLI,80,2025-04-10 00:23:01.107079+00
157,GENÇ,80,2025-04-10 00:23:01.107079+00
158,KARLIOVA,80,2025-04-10 00:23:01.107079+00
159,KİĞI,80,2025-04-10 00:23:01.107079+00
160,MERKEZ,80,2025-04-10 00:23:01.107079+00
161,SOLHAN,80,2025-04-10 00:23:01.107079+00
162,YAYLADERE,80,2025-04-10 00:23:01.107079+00
163,YEDİSU,80,2025-04-10 00:23:01.107079+00
164,ADİLCEVAZ,56,2025-04-10 00:23:01.107079+00
165,AHLAT,56,2025-04-10 00:23:01.107079+00
166,GÜROYMAK,56,2025-04-10 00:23:01.107079+00
167,HİZAN,56,2025-04-10 00:23:01.107079+00
168,MERKEZ,56,2025-04-10 00:23:01.107079+00
169,MUTKİ,56,2025-04-10 00:23:01.107079+00
170,TATVAN,56,2025-04-10 00:23:01.107079+00
171,DÖRTDİVAN,74,2025-04-10 00:23:01.107079+00
172,GEREDE,74,2025-04-10 00:23:01.107079+00
173,GÖYNÜK,74,2025-04-10 00:23:01.107079+00
174,KIBRISCIK,74,2025-04-10 00:23:01.107079+00
175,MENGEN,74,2025-04-10 00:23:01.107079+00
176,MERKEZ,74,2025-04-10 00:23:01.107079+00
177,MUDURNU,74,2025-04-10 00:23:01.107079+00
178,SEBEN,74,2025-04-10 00:23:01.107079+00
179,YENİÇAĞA,74,2025-04-10 00:23:01.107079+00
180,AĞLASUN,1,2025-04-10 00:23:01.107079+00
181,ALTINYAYLA,1,2025-04-10 00:23:01.107079+00
182,BUCAK,1,2025-04-10 00:23:01.107079+00
183,ÇAVDIR,1,2025-04-10 00:23:01.107079+00
184,ÇELTİKÇİ,1,2025-04-10 00:23:01.107079+00
185,GÖLHİSAR,1,2025-04-10 00:23:01.107079+00
186,KARAMANLI,1,2025-04-10 00:23:01.107079+00
187,KEMER,1,2025-04-10 00:23:01.107079+00
188,MERKEZ,1,2025-04-10 00:23:01.107079+00
189,TEFENNİ,1,2025-04-10 00:23:01.107079+00
190,YEŞİLOVA,1,2025-04-10 00:23:01.107079+00
191,BÜYÜKORHAN,11,2025-04-10 00:23:01.107079+00
192,GEMLİK,11,2025-04-10 00:23:01.107079+00
193,GÜRSU,11,2025-04-10 00:23:01.107079+00
194,HARMANCIK,11,2025-04-10 00:23:01.107079+00
195,İNEGÖL,11,2025-04-10 00:23:01.107079+00
196,İZNİK,11,2025-04-10 00:23:01.107079+00
197,KARACABEY,11,2025-04-10 00:23:01.107079+00
198,KELES,11,2025-04-10 00:23:01.107079+00
199,KESTEL,11,2025-04-10 00:23:01.107079+00
200,MUDANYA,11,2025-04-10 00:23:01.107079+00
201,MUSTAFAKEMALPAŞA,11,2025-04-10 00:23:01.107079+00
202,NİLÜFER,11,2025-04-10 00:23:01.107079+00
203,ORHANELİ,11,2025-04-10 00:23:01.107079+00
204,ORHANGAZİ,11,2025-04-10 00:23:01.107079+00
205,OSMANGAZİ,11,2025-04-10 00:23:01.107079+00
206,YENİŞEHİR,11,2025-04-10 00:23:01.107079+00
207,YILDIRIM,11,2025-04-10 00:23:01.107079+00
208,AYVACIK,13,2025-04-10 00:23:01.107079+00
209,BAYRAMİÇ,13,2025-04-10 00:23:01.107079+00
210,BİGA,13,2025-04-10 00:23:01.107079+00
211,BOZCAADA,13,2025-04-10 00:23:01.107079+00
212,ÇAN,13,2025-04-10 00:23:01.107079+00
213,ECEABAT,13,2025-04-10 00:23:01.107079+00
214,EZİNE,13,2025-04-10 00:23:01.107079+00
215,GELİBOLU,13,2025-04-10 00:23:01.107079+00
216,GÖKÇEADA,13,2025-04-10 00:23:01.107079+00
217,LAPSEKİ,13,2025-04-10 00:23:01.107079+00
218,MERKEZ,13,2025-04-10 00:23:01.107079+00
219,YENİCE,13,2025-04-10 00:23:01.107079+00
220,ATKARACALAR,3,2025-04-10 00:23:01.107079+00
221,BAYRAMÖREN,3,2025-04-10 00:23:01.107079+00
222,ÇERKEŞ,3,2025-04-10 00:23:01.107079+00
223,ELDİVAN,3,2025-04-10 00:23:01.107079+00
224,ILGAZ,3,2025-04-10 00:23:01.107079+00
225,KIZILIRMAK,3,2025-04-10 00:23:01.107079+00
226,KORGUN,3,2025-04-10 00:23:01.107079+00
227,KURŞUNLU,3,2025-04-10 00:23:01.107079+00
228,MERKEZ,3,2025-04-10 00:23:01.107079+00
229,ORTA,3,2025-04-10 00:23:01.107079+00
230,ŞABANÖZÜ,3,2025-04-10 00:23:01.107079+00
231,YAPRAKLI,3,2025-04-10 00:23:01.107079+00
232,ALACA,72,2025-04-10 00:23:01.107079+00
233,BAYAT,72,2025-04-10 00:23:01.107079+00
234,BOĞAZKALE,72,2025-04-10 00:23:01.107079+00
235,DODURGA,72,2025-04-10 00:23:01.107079+00
236,İSKİLİP,72,2025-04-10 00:23:01.107079+00
237,KARGI,72,2025-04-10 00:23:01.107079+00
238,LAÇİN,72,2025-04-10 00:23:01.107079+00
239,MECİTÖZÜ,72,2025-04-10 00:23:01.107079+00
240,MERKEZ,72,2025-04-10 00:23:01.107079+00
241,OĞUZLAR,72,2025-04-10 00:23:01.107079+00
242,ORTAKÖY,72,2025-04-10 00:23:01.107079+00
243,OSMANCIK,72,2025-04-10 00:23:01.107079+00
244,SUNGURLU,72,2025-04-10 00:23:01.107079+00
245,UĞURLUDAĞ,72,2025-04-10 00:23:01.107079+00
246,ACIPAYAM,45,2025-04-10 00:23:01.107079+00
247,BABADAĞ,45,2025-04-10 00:23:01.107079+00
248,BAKLAN,45,2025-04-10 00:23:01.107079+00
249,BEKİLLİ,45,2025-04-10 00:23:01.107079+00
250,BEYAĞAÇ,45,2025-04-10 00:23:01.107079+00
251,BOZKURT,45,2025-04-10 00:23:01.107079+00
252,BULDAN,45,2025-04-10 00:23:01.107079+00
253,ÇAL,45,2025-04-10 00:23:01.107079+00
254,ÇAMELİ,45,2025-04-10 00:23:01.107079+00
255,ÇARDAK,45,2025-04-10 00:23:01.107079+00
256,ÇİVRİL,45,2025-04-10 00:23:01.107079+00
257,GÜNEY,45,2025-04-10 00:23:01.107079+00
258,HONAZ,45,2025-04-10 00:23:01.107079+00
259,KALE,45,2025-04-10 00:23:01.107079+00
260,MERKEZEFENDİ,45,2025-04-10 00:23:01.107079+00
261,PAMUKKALE,45,2025-04-10 00:23:01.107079+00
262,SARAYKÖY,45,2025-04-10 00:23:01.107079+00
263,SERİNHİSAR,45,2025-04-10 00:23:01.107079+00
264,TAVAS,45,2025-04-10 00:23:01.107079+00
265,BAĞLAR,30,2025-04-10 00:23:01.107079+00
266,BİSMİL,30,2025-04-10 00:23:01.107079+00
267,ÇERMİK,30,2025-04-10 00:23:01.107079+00
268,ÇINAR,30,2025-04-10 00:23:01.107079+00
269,ÇÜNGÜŞ,30,2025-04-10 00:23:01.107079+00
270,DİCLE,30,2025-04-10 00:23:01.107079+00
271,EĞİL,30,2025-04-10 00:23:01.107079+00
272,ERGANİ,30,2025-04-10 00:23:01.107079+00
273,HANİ,30,2025-04-10 00:23:01.107079+00
274,HAZRO,30,2025-04-10 00:23:01.107079+00
275,KAYAPINAR,30,2025-04-10 00:23:01.107079+00
276,KOCAKÖY,30,2025-04-10 00:23:01.107079+00
277,KULP,30,2025-04-10 00:23:01.107079+00
278,LİCE,30,2025-04-10 00:23:01.107079+00
279,SİLVAN,30,2025-04-10 00:23:01.107079+00
280,SUR,30,2025-04-10 00:23:01.107079+00
281,YENİŞEHİR,30,2025-04-10 00:23:01.107079+00
282,ENEZ,81,2025-04-10 00:23:01.107079+00
283,HAVSA,81,2025-04-10 00:23:01.107079+00
284,İPSALA,81,2025-04-10 00:23:01.107079+00
285,KEŞAN,81,2025-04-10 00:23:01.107079+00
286,LALAPAŞA,81,2025-04-10 00:23:01.107079+00
287,MERİÇ,81,2025-04-10 00:23:01.107079+00
288,MERKEZ,81,2025-04-10 00:23:01.107079+00
289,SÜLOĞLU,81,2025-04-10 00:23:01.107079+00
290,UZUNKÖPRÜ,81,2025-04-10 00:23:01.107079+00
291,AĞIN,37,2025-04-10 00:23:01.107079+00
292,ALACAKAYA,37,2025-04-10 00:23:01.107079+00
293,ARICAK,37,2025-04-10 00:23:01.107079+00
294,BASKİL,37,2025-04-10 00:23:01.107079+00
295,KARAKOÇAN,37,2025-04-10 00:23:01.107079+00
296,KEBAN,37,2025-04-10 00:23:01.107079+00
297,KOVANCILAR,37,2025-04-10 00:23:01.107079+00
298,MADEN,37,2025-04-10 00:23:01.107079+00
299,MERKEZ,37,2025-04-10 00:23:01.107079+00
300,PALU,37,2025-04-10 00:23:01.107079+00
301,SİVRİCE,37,2025-04-10 00:23:01.107079+00
302,ÇAYIRLI,34,2025-04-10 00:23:01.107079+00
303,İLİÇ,34,2025-04-10 00:23:01.107079+00
304,KEMAH,34,2025-04-10 00:23:01.107079+00
305,KEMALİYE,34,2025-04-10 00:23:01.107079+00
306,MERKEZ,34,2025-04-10 00:23:01.107079+00
307,OTLUKBELİ,34,2025-04-10 00:23:01.107079+00
308,REFAHİYE,34,2025-04-10 00:23:01.107079+00
309,TERCAN,34,2025-04-10 00:23:01.107079+00
310,ÜZÜMLÜ,34,2025-04-10 00:23:01.107079+00
311,AŞKALE,68,2025-04-10 00:23:01.107079+00
312,AZİZİYE,68,2025-04-10 00:23:01.107079+00
313,ÇAT,68,2025-04-10 00:23:01.107079+00
314,HINIS,68,2025-04-10 00:23:01.107079+00
315,HORASAN,68,2025-04-10 00:23:01.107079+00
316,İSPİR,68,2025-04-10 00:23:01.107079+00
317,KARAÇOBAN,68,2025-04-10 00:23:01.107079+00
318,KARAYAZI,68,2025-04-10 00:23:01.107079+00
319,KÖPRÜKÖY,68,2025-04-10 00:23:01.107079+00
320,NARMAN,68,2025-04-10 00:23:01.107079+00
321,OLTU,68,2025-04-10 00:23:01.107079+00
322,OLUR,68,2025-04-10 00:23:01.107079+00
323,PALANDÖKEN,68,2025-04-10 00:23:01.107079+00
324,PASİNLER,68,2025-04-10 00:23:01.107079+00
325,PAZARYOLU,68,2025-04-10 00:23:01.107079+00
326,ŞENKAYA,68,2025-04-10 00:23:01.107079+00
327,TEKMAN,68,2025-04-10 00:23:01.107079+00
328,TORTUM,68,2025-04-10 00:23:01.107079+00
329,UZUNDERE,68,2025-04-10 00:23:01.107079+00
330,YAKUTİYE,68,2025-04-10 00:23:01.107079+00
331,ALPU,2,2025-04-10 00:23:01.107079+00
332,BEYLİKOVA,2,2025-04-10 00:23:01.107079+00
333,ÇİFTELER,2,2025-04-10 00:23:01.107079+00
334,GÜNYÜZÜ,2,2025-04-10 00:23:01.107079+00
335,HAN,2,2025-04-10 00:23:01.107079+00
336,İNÖNÜ,2,2025-04-10 00:23:01.107079+00
337,MAHMUDİYE,2,2025-04-10 00:23:01.107079+00
338,MİHALGAZİ,2,2025-04-10 00:23:01.107079+00
339,MİHALIÇÇIK,2,2025-04-10 00:23:01.107079+00
340,ODUNPAZARI,2,2025-04-10 00:23:01.107079+00
341,SARICAKAYA,2,2025-04-10 00:23:01.107079+00
342,SEYİTGAZİ,2,2025-04-10 00:23:01.107079+00
343,SİVRİHİSAR,2,2025-04-10 00:23:01.107079+00
344,TEPEBAŞI,2,2025-04-10 00:23:01.107079+00
345,ARABAN,6,2025-04-10 00:23:01.107079+00
346,İSLAHİYE,6,2025-04-10 00:23:01.107079+00
347,KARKAMIŞ,6,2025-04-10 00:23:01.107079+00
348,NİZİP,6,2025-04-10 00:23:01.107079+00
349,NURDAĞI,6,2025-04-10 00:23:01.107079+00
350,OĞUZELİ,6,2025-04-10 00:23:01.107079+00
351,ŞAHİNBEY,6,2025-04-10 00:23:01.107079+00
352,ŞEHİTKAMİL,6,2025-04-10 00:23:01.107079+00
353,YAVUZELİ,6,2025-04-10 00:23:01.107079+00
354,ALUCRA,52,2025-04-10 00:23:01.107079+00
355,BULANCAK,52,2025-04-10 00:23:01.107079+00
356,ÇAMOLUK,52,2025-04-10 00:23:01.107079+00
357,ÇANAKÇI,52,2025-04-10 00:23:01.107079+00
358,DERELİ,52,2025-04-10 00:23:01.107079+00
359,DOĞANKENT,52,2025-04-10 00:23:01.107079+00
360,ESPİYE,52,2025-04-10 00:23:01.107079+00
361,EYNESİL,52,2025-04-10 00:23:01.107079+00
362,GÖRELE,52,2025-04-10 00:23:01.107079+00
363,GÜCE,52,2025-04-10 00:23:01.107079+00
364,KEŞAP,52,2025-04-10 00:23:01.107079+00
365,MERKEZ,52,2025-04-10 00:23:01.107079+00
366,PİRAZİZ,52,2025-04-10 00:23:01.107079+00
367,ŞEBİNKARAHİSAR,52,2025-04-10 00:23:01.107079+00
368,TİREBOLU,52,2025-04-10 00:23:01.107079+00
369,YAĞLIDERE,52,2025-04-10 00:23:01.107079+00
370,KELKİT,9,2025-04-10 00:23:01.107079+00
371,KÖSE,9,2025-04-10 00:23:01.107079+00
372,KÜRTÜN,9,2025-04-10 00:23:01.107079+00
373,MERKEZ,9,2025-04-10 00:23:01.107079+00
374,ŞİRAN,9,2025-04-10 00:23:01.107079+00
375,TORUL,9,2025-04-10 00:23:01.107079+00
376,ÇUKURCA,39,2025-04-10 00:23:01.107079+00
377,DERECİK,39,2025-04-10 00:23:01.107079+00
378,MERKEZ,39,2025-04-10 00:23:01.107079+00
379,ŞEMDİNLİ,39,2025-04-10 00:23:01.107079+00
380,YÜKSEKOVA,39,2025-04-10 00:23:01.107079+00
381,ALTINÖZÜ,7,2025-04-10 00:23:01.107079+00
382,ANTAKYA,7,2025-04-10 00:23:01.107079+00
383,ARSUZ,7,2025-04-10 00:23:01.107079+00
384,BELEN,7,2025-04-10 00:23:01.107079+00
385,DEFNE,7,2025-04-10 00:23:01.107079+00
386,DÖRTYOL,7,2025-04-10 00:23:01.107079+00
387,ERZİN,7,2025-04-10 00:23:01.107079+00
388,HASSA,7,2025-04-10 00:23:01.107079+00
389,İSKENDERUN,7,2025-04-10 00:23:01.107079+00
390,KIRIKHAN,7,2025-04-10 00:23:01.107079+00
391,KUMLU,7,2025-04-10 00:23:01.107079+00
392,PAYAS,7,2025-04-10 00:23:01.107079+00
393,REYHANLI,7,2025-04-10 00:23:01.107079+00
394,SAMANDAĞ,7,2025-04-10 00:23:01.107079+00
395,YAYLADAĞI,7,2025-04-10 00:23:01.107079+00
396,AKSU,35,2025-04-10 00:23:01.107079+00
397,ATABEY,35,2025-04-10 00:23:01.107079+00
398,EĞİRDİR,35,2025-04-10 00:23:01.107079+00
399,GELENDOST,35,2025-04-10 00:23:01.107079+00
400,GÖNEN,35,2025-04-10 00:23:01.107079+00
401,KEÇİBORLU,35,2025-04-10 00:23:01.107079+00
402,MERKEZ,35,2025-04-10 00:23:01.107079+00
403,SENİRKENT,35,2025-04-10 00:23:01.107079+00
404,SÜTÇÜLER,35,2025-04-10 00:23:01.107079+00
405,ŞARKİKARAAĞAÇ,35,2025-04-10 00:23:01.107079+00
406,ULUBORLU,35,2025-04-10 00:23:01.107079+00
407,YALVAÇ,35,2025-04-10 00:23:01.107079+00
408,YENİŞARBADEMLİ,35,2025-04-10 00:23:01.107079+00
409,AKDENİZ,17,2025-04-10 00:23:01.107079+00
410,ANAMUR,17,2025-04-10 00:23:01.107079+00
411,AYDINCIK,17,2025-04-10 00:23:01.107079+00
412,BOZYAZI,17,2025-04-10 00:23:01.107079+00
413,ÇAMLIYAYLA,17,2025-04-10 00:23:01.107079+00
414,ERDEMLİ,17,2025-04-10 00:23:01.107079+00
415,GÜLNAR,17,2025-04-10 00:23:01.107079+00
416,MEZİTLİ,17,2025-04-10 00:23:01.107079+00
417,MUT,17,2025-04-10 00:23:01.107079+00
418,SİLİFKE,17,2025-04-10 00:23:01.107079+00
419,TARSUS,17,2025-04-10 00:23:01.107079+00
420,TOROSLAR,17,2025-04-10 00:23:01.107079+00
421,YENİŞEHİR,17,2025-04-10 00:23:01.107079+00
422,ADALAR,77,2025-04-10 00:23:01.107079+00
423,ARNAVUTKÖY,77,2025-04-10 00:23:01.107079+00
424,ATAŞEHİR,77,2025-04-10 00:23:01.107079+00
425,AVCILAR,77,2025-04-10 00:23:01.107079+00
426,BAĞCILAR,77,2025-04-10 00:23:01.107079+00
427,BAHÇELİEVLER,77,2025-04-10 00:23:01.107079+00
428,BAKIRKÖY,77,2025-04-10 00:23:01.107079+00
429,BAŞAKŞEHİR,77,2025-04-10 00:23:01.107079+00
430,BAYRAMPAŞA,77,2025-04-10 00:23:01.107079+00
431,BEŞİKTAŞ,77,2025-04-10 00:23:01.107079+00
432,BEYKOZ,77,2025-04-10 00:23:01.107079+00
433,BEYLİKDÜZÜ,77,2025-04-10 00:23:01.107079+00
434,BEYOĞLU,77,2025-04-10 00:23:01.107079+00
435,BÜYÜKÇEKMECE,77,2025-04-10 00:23:01.107079+00
436,ÇATALCA,77,2025-04-10 00:23:01.107079+00
437,ÇEKMEKÖY,77,2025-04-10 00:23:01.107079+00
438,ESENLER,77,2025-04-10 00:23:01.107079+00
439,ESENYURT,77,2025-04-10 00:23:01.107079+00
440,EYÜPSULTAN,77,2025-04-10 00:23:01.107079+00
441,FATİH,77,2025-04-10 00:23:01.107079+00
442,GAZİOSMANPAŞA,77,2025-04-10 00:23:01.107079+00
443,GÜNGÖREN,77,2025-04-10 00:23:01.107079+00
444,KADIKÖY,77,2025-04-10 00:23:01.107079+00
445,KAĞITHANE,77,2025-04-10 00:23:01.107079+00
446,KARTAL,77,2025-04-10 00:23:01.107079+00
447,KÜÇÜKÇEKMECE,77,2025-04-10 00:23:01.107079+00
448,MALTEPE,77,2025-04-10 00:23:01.107079+00
449,PENDİK,77,2025-04-10 00:23:01.107079+00
450,SANCAKTEPE,77,2025-04-10 00:23:01.107079+00
451,SARIYER,77,2025-04-10 00:23:01.107079+00
452,SİLİVRİ,77,2025-04-10 00:23:01.107079+00
453,SULTANBEYLİ,77,2025-04-10 00:23:01.107079+00
454,SULTANGAZİ,77,2025-04-10 00:23:01.107079+00
455,ŞİLE,77,2025-04-10 00:23:01.107079+00
456,ŞİŞLİ,77,2025-04-10 00:23:01.107079+00
457,TUZLA,77,2025-04-10 00:23:01.107079+00
458,ÜMRANİYE,77,2025-04-10 00:23:01.107079+00
459,ÜSKÜDAR,77,2025-04-10 00:23:01.107079+00
460,ZEYTİNBURNU,77,2025-04-10 00:23:01.107079+00
461,ALİAĞA,84,2025-04-10 00:23:01.107079+00
462,BALÇOVA,84,2025-04-10 00:23:01.107079+00
463,BAYINDIR,84,2025-04-10 00:23:01.107079+00
464,BAYRAKLI,84,2025-04-10 00:23:01.107079+00
465,BERGAMA,84,2025-04-10 00:23:01.107079+00
466,BEYDAĞ,84,2025-04-10 00:23:01.107079+00
467,BORNOVA,84,2025-04-10 00:23:01.107079+00
468,BUCA,84,2025-04-10 00:23:01.107079+00
469,ÇEŞME,84,2025-04-10 00:23:01.107079+00
470,ÇİĞLİ,84,2025-04-10 00:23:01.107079+00
471,DİKİLİ,84,2025-04-10 00:23:01.107079+00
472,FOÇA,84,2025-04-10 00:23:01.107079+00
473,GAZİEMİR,84,2025-04-10 00:23:01.107079+00
474,GÜZELBAHÇE,84,2025-04-10 00:23:01.107079+00
475,KARABAĞLAR,84,2025-04-10 00:23:01.107079+00
476,KARABURUN,84,2025-04-10 00:23:01.107079+00
477,KARŞIYAKA,84,2025-04-10 00:23:01.107079+00
478,KEMALPAŞA,84,2025-04-10 00:23:01.107079+00
479,KINIK,84,2025-04-10 00:23:01.107079+00
480,KİRAZ,84,2025-04-10 00:23:01.107079+00
481,KONAK,84,2025-04-10 00:23:01.107079+00
482,MENDERES,84,2025-04-10 00:23:01.107079+00
483,MENEMEN,84,2025-04-10 00:23:01.107079+00
484,NARLIDERE,84,2025-04-10 00:23:01.107079+00
485,ÖDEMİŞ,84,2025-04-10 00:23:01.107079+00
486,SEFERİHİSAR,84,2025-04-10 00:23:01.107079+00
487,SELÇUK,84,2025-04-10 00:23:01.107079+00
488,TİRE,84,2025-04-10 00:23:01.107079+00
489,TORBALI,84,2025-04-10 00:23:01.107079+00
490,URLA,84,2025-04-10 00:23:01.107079+00
491,AKYAKA,40,2025-04-10 00:23:01.107079+00
492,ARPAÇAY,40,2025-04-10 00:23:01.107079+00
493,DİGOR,40,2025-04-10 00:23:01.107079+00
494,KAĞIZMAN,40,2025-04-10 00:23:01.107079+00
495,MERKEZ,40,2025-04-10 00:23:01.107079+00
496,SARIKAMIŞ,40,2025-04-10 00:23:01.107079+00
497,SELİM,40,2025-04-10 00:23:01.107079+00
498,SUSUZ,40,2025-04-10 00:23:01.107079+00
499,ABANA,65,2025-04-10 00:23:01.107079+00
500,AĞLI,65,2025-04-10 00:23:01.107079+00
501,ARAÇ,65,2025-04-10 00:23:01.107079+00
502,AZDAVAY,65,2025-04-10 00:23:01.107079+00
503,BOZKURT,65,2025-04-10 00:23:01.107079+00
504,CİDE,65,2025-04-10 00:23:01.107079+00
505,ÇATALZEYTİN,65,2025-04-10 00:23:01.107079+00
506,DADAY,65,2025-04-10 00:23:01.107079+00
507,DEVREKANİ,65,2025-04-10 00:23:01.107079+00
508,DOĞANYURT,65,2025-04-10 00:23:01.107079+00
509,HANÖNÜ,65,2025-04-10 00:23:01.107079+00
510,İHSANGAZİ,65,2025-04-10 00:23:01.107079+00
511,İNEBOLU,65,2025-04-10 00:23:01.107079+00
512,KÜRE,65,2025-04-10 00:23:01.107079+00
513,MERKEZ,65,2025-04-10 00:23:01.107079+00
514,PINARBAŞI,65,2025-04-10 00:23:01.107079+00
515,SEYDİLER,65,2025-04-10 00:23:01.107079+00
516,ŞENPAZAR,65,2025-04-10 00:23:01.107079+00
517,TAŞKÖPRÜ,65,2025-04-10 00:23:01.107079+00
518,TOSYA,65,2025-04-10 00:23:01.107079+00
519,AKKIŞLA,8,2025-04-10 00:23:01.107079+00
520,BÜNYAN,8,2025-04-10 00:23:01.107079+00
521,DEVELİ,8,2025-04-10 00:23:01.107079+00
522,FELAHİYE,8,2025-04-10 00:23:01.107079+00
523,HACILAR,8,2025-04-10 00:23:01.107079+00
524,İNCESU,8,2025-04-10 00:23:01.107079+00
525,KOCASİNAN,8,2025-04-10 00:23:01.107079+00
526,MELİKGAZİ,8,2025-04-10 00:23:01.107079+00
527,ÖZVATAN,8,2025-04-10 00:23:01.107079+00
528,PINARBAŞI,8,2025-04-10 00:23:01.107079+00
529,SARIOĞLAN,8,2025-04-10 00:23:01.107079+00
530,SARIZ,8,2025-04-10 00:23:01.107079+00
531,TALAS,8,2025-04-10 00:23:01.107079+00
532,TOMARZA,8,2025-04-10 00:23:01.107079+00
533,YAHYALI,8,2025-04-10 00:23:01.107079+00
534,YEŞİLHİSAR,8,2025-04-10 00:23:01.107079+00
535,BABAESKİ,50,2025-04-10 00:23:01.107079+00
536,DEMİRKÖY,50,2025-04-10 00:23:01.107079+00
537,KOFÇAZ,50,2025-04-10 00:23:01.107079+00
538,LÜLEBURGAZ,50,2025-04-10 00:23:01.107079+00
539,MERKEZ,50,2025-04-10 00:23:01.107079+00
540,PEHLİVANKÖY,50,2025-04-10 00:23:01.107079+00
541,PINARHİSAR,50,2025-04-10 00:23:01.107079+00
542,VİZE,50,2025-04-10 00:23:01.107079+00
543,AKÇAKENT,27,2025-04-10 00:23:01.107079+00
544,AKPINAR,27,2025-04-10 00:23:01.107079+00
545,BOZTEPE,27,2025-04-10 00:23:01.107079+00
546,ÇİÇEKDAĞI,27,2025-04-10 00:23:01.107079+00
547,KAMAN,27,2025-04-10 00:23:01.107079+00
548,MERKEZ,27,2025-04-10 00:23:01.107079+00
549,MUCUR,27,2025-04-10 00:23:01.107079+00
550,BAŞİSKELE,5,2025-04-10 00:23:01.107079+00
551,ÇAYIROVA,5,2025-04-10 00:23:01.107079+00
552,DARICA,5,2025-04-10 00:23:01.107079+00
553,DERİNCE,5,2025-04-10 00:23:01.107079+00
554,DİLOVASI,5,2025-04-10 00:23:01.107079+00
555,GEBZE,5,2025-04-10 00:23:01.107079+00
556,GÖLCÜK,5,2025-04-10 00:23:01.107079+00
557,İZMİT,5,2025-04-10 00:23:01.107079+00
558,KANDIRA,5,2025-04-10 00:23:01.107079+00
559,KARAMÜRSEL,5,2025-04-10 00:23:01.107079+00
560,KARTEPE,5,2025-04-10 00:23:01.107079+00
561,KÖRFEZ,5,2025-04-10 00:23:01.107079+00
562,AHIRLI,19,2025-04-10 00:23:01.107079+00
563,AKÖREN,19,2025-04-10 00:23:01.107079+00
564,AKŞEHİR,19,2025-04-10 00:23:01.107079+00
565,ALTINEKİN,19,2025-04-10 00:23:01.107079+00
566,BEYŞEHİR,19,2025-04-10 00:23:01.107079+00
567,BOZKIR,19,2025-04-10 00:23:01.107079+00
568,CİHANBEYLİ,19,2025-04-10 00:23:01.107079+00
569,ÇELTİK,19,2025-04-10 00:23:01.107079+00
570,ÇUMRA,19,2025-04-10 00:23:01.107079+00
571,DERBENT,19,2025-04-10 00:23:01.107079+00
572,DEREBUCAK,19,2025-04-10 00:23:01.107079+00
573,DOĞANHİSAR,19,2025-04-10 00:23:01.107079+00
574,EMİRGAZİ,19,2025-04-10 00:23:01.107079+00
575,EREĞLİ,19,2025-04-10 00:23:01.107079+00
576,GÜNEYSINIR,19,2025-04-10 00:23:01.107079+00
577,HADİM,19,2025-04-10 00:23:01.107079+00
578,HALKAPINAR,19,2025-04-10 00:23:01.107079+00
579,HÜYÜK,19,2025-04-10 00:23:01.107079+00
580,ILGIN,19,2025-04-10 00:23:01.107079+00
581,KADINHANI,19,2025-04-10 00:23:01.107079+00
582,KARAPINAR,19,2025-04-10 00:23:01.107079+00
583,KARATAY,19,2025-04-10 00:23:01.107079+00
584,KULU,19,2025-04-10 00:23:01.107079+00
585,MERAM,19,2025-04-10 00:23:01.107079+00
586,SARAYÖNÜ,19,2025-04-10 00:23:01.107079+00
587,SELÇUKLU,19,2025-04-10 00:23:01.107079+00
588,SEYDİŞEHİR,19,2025-04-10 00:23:01.107079+00
589,TAŞKENT,19,2025-04-10 00:23:01.107079+00
590,TUZLUKÇU,19,2025-04-10 00:23:01.107079+00
591,YALIHÜYÜK,19,2025-04-10 00:23:01.107079+00
592,YUNAK,19,2025-04-10 00:23:01.107079+00
593,ALTINTAŞ,75,2025-04-10 00:23:01.107079+00
594,ASLANAPA,75,2025-04-10 00:23:01.107079+00
595,ÇAVDARHİSAR,75,2025-04-10 00:23:01.107079+00
596,DOMANİÇ,75,2025-04-10 00:23:01.107079+00
597,DUMLUPINAR,75,2025-04-10 00:23:01.107079+00
598,EMET,75,2025-04-10 00:23:01.107079+00
599,GEDİZ,75,2025-04-10 00:23:01.107079+00
600,HİSARCIK,75,2025-04-10 00:23:01.107079+00
601,MERKEZ,75,2025-04-10 00:23:01.107079+00
602,PAZARLAR,75,2025-04-10 00:23:01.107079+00
603,SİMAV,75,2025-04-10 00:23:01.107079+00
604,ŞAPHANE,75,2025-04-10 00:23:01.107079+00
605,TAVŞANLI,75,2025-04-10 00:23:01.107079+00
606,AKÇADAĞ,43,2025-04-10 00:23:01.107079+00
607,ARAPGİR,43,2025-04-10 00:23:01.107079+00
608,ARGUVAN,43,2025-04-10 00:23:01.107079+00
609,BATTALGAZİ,43,2025-04-10 00:23:01.107079+00
610,DARENDE,43,2025-04-10 00:23:01.107079+00
611,DOĞANŞEHİR,43,2025-04-10 00:23:01.107079+00
612,DOĞANYOL,43,2025-04-10 00:23:01.107079+00
613,HEKİMHAN,43,2025-04-10 00:23:01.107079+00
614,KALE,43,2025-04-10 00:23:01.107079+00
615,KULUNCAK,43,2025-04-10 00:23:01.107079+00
616,PÜTÜRGE,43,2025-04-10 00:23:01.107079+00
617,YAZIHAN,43,2025-04-10 00:23:01.107079+00
618,YEŞİLYURT,43,2025-04-10 00:23:01.107079+00
619,AHMETLİ,29,2025-04-10 00:23:01.107079+00
620,AKHİSAR,29,2025-04-10 00:23:01.107079+00
621,ALAŞEHİR,29,2025-04-10 00:23:01.107079+00
622,DEMİRCİ,29,2025-04-10 00:23:01.107079+00
623,GÖLMARMARA,29,2025-04-10 00:23:01.107079+00
624,GÖRDES,29,2025-04-10 00:23:01.107079+00
625,KIRKAĞAÇ,29,2025-04-10 00:23:01.107079+00
626,KÖPRÜBAŞI,29,2025-04-10 00:23:01.107079+00
627,KULA,29,2025-04-10 00:23:01.107079+00
628,SALİHLİ,29,2025-04-10 00:23:01.107079+00
629,SARIGÖL,29,2025-04-10 00:23:01.107079+00
630,SARUHANLI,29,2025-04-10 00:23:01.107079+00
631,SELENDİ,29,2025-04-10 00:23:01.107079+00
632,SOMA,29,2025-04-10 00:23:01.107079+00
633,ŞEHZADELER,29,2025-04-10 00:23:01.107079+00
634,TURGUTLU,29,2025-04-10 00:23:01.107079+00
635,YUNUSEMRE,29,2025-04-10 00:23:01.107079+00
636,AFŞİN,67,2025-04-10 00:23:01.107079+00
637,ANDIRIN,67,2025-04-10 00:23:01.107079+00
638,ÇAĞLAYANCERİT,67,2025-04-10 00:23:01.107079+00
639,DULKADİROĞLU,67,2025-04-10 00:23:01.107079+00
640,EKİNÖZÜ,67,2025-04-10 00:23:01.107079+00
641,ELBİSTAN,67,2025-04-10 00:23:01.107079+00
642,GÖKSUN,67,2025-04-10 00:23:01.107079+00
643,NURHAK,67,2025-04-10 00:23:01.107079+00
644,ONİKİŞUBAT,67,2025-04-10 00:23:01.107079+00
645,PAZARCIK,67,2025-04-10 00:23:01.107079+00
646,TÜRKOĞLU,67,2025-04-10 00:23:01.107079+00
647,ARTUKLU,66,2025-04-10 00:23:01.107079+00
648,DARGEÇİT,66,2025-04-10 00:23:01.107079+00
649,DERİK,66,2025-04-10 00:23:01.107079+00
650,KIZILTEPE,66,2025-04-10 00:23:01.107079+00
651,MAZIDAĞI,66,2025-04-10 00:23:01.107079+00
652,MİDYAT,66,2025-04-10 00:23:01.107079+00
653,NUSAYBİN,66,2025-04-10 00:23:01.107079+00
654,ÖMERLİ,66,2025-04-10 00:23:01.107079+00
655,SAVUR,66,2025-04-10 00:23:01.107079+00
656,YEŞİLLİ,66,2025-04-10 00:23:01.107079+00
657,BODRUM,48,2025-04-10 00:23:01.107079+00
658,DALAMAN,48,2025-04-10 00:23:01.107079+00
659,DATÇA,48,2025-04-10 00:23:01.107079+00
660,FETHİYE,48,2025-04-10 00:23:01.107079+00
661,KAVAKLIDERE,48,2025-04-10 00:23:01.107079+00
662,KÖYCEĞİZ,48,2025-04-10 00:23:01.107079+00
663,MARMARİS,48,2025-04-10 00:23:01.107079+00
664,MENTEŞE,48,2025-04-10 00:23:01.107079+00
665,MİLAS,48,2025-04-10 00:23:01.107079+00
666,ORTACA,48,2025-04-10 00:23:01.107079+00
667,SEYDİKEMER,48,2025-04-10 00:23:01.107079+00
668,ULA,48,2025-04-10 00:23:01.107079+00
669,YATAĞAN,48,2025-04-10 00:23:01.107079+00
670,BULANIK,46,2025-04-10 00:23:01.107079+00
671,HASKÖY,46,2025-04-10 00:23:01.107079+00
672,KORKUT,46,2025-04-10 00:23:01.107079+00
673,MALAZGİRT,46,2025-04-10 00:23:01.107079+00
674,MERKEZ,46,2025-04-10 00:23:01.107079+00
675,VARTO,46,2025-04-10 00:23:01.107079+00
676,ACIGÖL,61,2025-04-10 00:23:01.107079+00
677,AVANOS,61,2025-04-10 00:23:01.107079+00
678,DERİNKUYU,61,2025-04-10 00:23:01.107079+00
679,GÜLŞEHİR,61,2025-04-10 00:23:01.107079+00
680,HACIBEKTAŞ,61,2025-04-10 00:23:01.107079+00
681,KOZAKLI,61,2025-04-10 00:23:01.107079+00
682,MERKEZ,61,2025-04-10 00:23:01.107079+00
683,ÜRGÜP,61,2025-04-10 00:23:01.107079+00
684,ALTUNHİSAR,18,2025-04-10 00:23:01.107079+00
685,BOR,18,2025-04-10 00:23:01.107079+00
686,ÇAMARDI,18,2025-04-10 00:23:01.107079+00
687,ÇİFTLİK,18,2025-04-10 00:23:01.107079+00
688,MERKEZ,18,2025-04-10 00:23:01.107079+00
689,ULUKIŞLA,18,2025-04-10 00:23:01.107079+00
690,AKKUŞ,24,2025-04-10 00:23:01.107079+00
691,ALTINORDU,24,2025-04-10 00:23:01.107079+00
692,AYBASTI,24,2025-04-10 00:23:01.107079+00
693,ÇAMAŞ,24,2025-04-10 00:23:01.107079+00
694,ÇATALPINAR,24,2025-04-10 00:23:01.107079+00
695,ÇAYBAŞI,24,2025-04-10 00:23:01.107079+00
696,FATSA,24,2025-04-10 00:23:01.107079+00
697,GÖLKÖY,24,2025-04-10 00:23:01.107079+00
698,GÜLYALI,24,2025-04-10 00:23:01.107079+00
699,GÜRGENTEPE,24,2025-04-10 00:23:01.107079+00
700,İKİZCE,24,2025-04-10 00:23:01.107079+00
701,KABADÜZ,24,2025-04-10 00:23:01.107079+00
702,KABATAŞ,24,2025-04-10 00:23:01.107079+00
703,KORGAN,24,2025-04-10 00:23:01.107079+00
704,KUMRU,24,2025-04-10 00:23:01.107079+00
705,MESUDİYE,24,2025-04-10 00:23:01.107079+00
706,PERŞEMBE,24,2025-04-10 00:23:01.107079+00
707,ULUBEY,24,2025-04-10 00:23:01.107079+00
708,ÜNYE,24,2025-04-10 00:23:01.107079+00
709,ARDEŞEN,25,2025-04-10 00:23:01.107079+00
710,ÇAMLIHEMŞİN,25,2025-04-10 00:23:01.107079+00
711,ÇAYELİ,25,2025-04-10 00:23:01.107079+00
712,DEREPAZARI,25,2025-04-10 00:23:01.107079+00
713,FINDIKLI,25,2025-04-10 00:23:01.107079+00
714,GÜNEYSU,25,2025-04-10 00:23:01.107079+00
715,HEMŞİN,25,2025-04-10 00:23:01.107079+00
716,İKİZDERE,25,2025-04-10 00:23:01.107079+00
717,İYİDERE,25,2025-04-10 00:23:01.107079+00
718,KALKANDERE,25,2025-04-10 00:23:01.107079+00
719,MERKEZ,25,2025-04-10 00:23:01.107079+00
720,PAZAR,25,2025-04-10 00:23:01.107079+00
721,ADAPAZARI,10,2025-04-10 00:23:01.107079+00
722,AKYAZI,10,2025-04-10 00:23:01.107079+00
723,ARİFİYE,10,2025-04-10 00:23:01.107079+00
724,ERENLER,10,2025-04-10 00:23:01.107079+00
725,FERİZLİ,10,2025-04-10 00:23:01.107079+00
726,GEYVE,10,2025-04-10 00:23:01.107079+00
727,HENDEK,10,2025-04-10 00:23:01.107079+00
728,KARAPÜRÇEK,10,2025-04-10 00:23:01.107079+00
729,KARASU,10,2025-04-10 00:23:01.107079+00
730,KAYNARCA,10,2025-04-10 00:23:01.107079+00
731,KOCAALİ,10,2025-04-10 00:23:01.107079+00
732,PAMUKOVA,10,2025-04-10 00:23:01.107079+00
733,SAPANCA,10,2025-04-10 00:23:01.107079+00
734,SERDİVAN,10,2025-04-10 00:23:01.107079+00
735,SÖĞÜTLÜ,10,2025-04-10 00:23:01.107079+00
736,TARAKLI,10,2025-04-10 00:23:01.107079+00
737,ALAÇAM,71,2025-04-10 00:23:01.107079+00
738,ASARCIK,71,2025-04-10 00:23:01.107079+00
739,ATAKUM,71,2025-04-10 00:23:01.107079+00
740,AYVACIK,71,2025-04-10 00:23:01.107079+00
741,BAFRA,71,2025-04-10 00:23:01.107079+00
742,CANİK,71,2025-04-10 00:23:01.107079+00
743,ÇARŞAMBA,71,2025-04-10 00:23:01.107079+00
744,HAVZA,71,2025-04-10 00:23:01.107079+00
745,İLKADIM,71,2025-04-10 00:23:01.107079+00
746,KAVAK,71,2025-04-10 00:23:01.107079+00
747,LADİK,71,2025-04-10 00:23:01.107079+00
748,SALIPAZARI,71,2025-04-10 00:23:01.107079+00
749,TEKKEKÖY,71,2025-04-10 00:23:01.107079+00
750,TERME,71,2025-04-10 00:23:01.107079+00
751,VEZİRKÖPRÜ,71,2025-04-10 00:23:01.107079+00
752,YAKAKENT,71,2025-04-10 00:23:01.107079+00
753,19 MAYIS,71,2025-04-10 00:23:01.107079+00
754,BAYKAN,51,2025-04-10 00:23:01.107079+00
755,ERUH,51,2025-04-10 00:23:01.107079+00
756,KURTALAN,51,2025-04-10 00:23:01.107079+00
757,MERKEZ,51,2025-04-10 00:23:01.107079+00
758,PERVARİ,51,2025-04-10 00:23:01.107079+00
759,ŞİRVAN,51,2025-04-10 00:23:01.107079+00
760,TİLLO,51,2025-04-10 00:23:01.107079+00
761,AYANCIK,14,2025-04-10 00:23:01.107079+00
762,BOYABAT,14,2025-04-10 00:23:01.107079+00
763,DİKMEN,14,2025-04-10 00:23:01.107079+00
764,DURAĞAN,14,2025-04-10 00:23:01.107079+00
765,ERFELEK,14,2025-04-10 00:23:01.107079+00
766,GERZE,14,2025-04-10 00:23:01.107079+00
767,MERKEZ,14,2025-04-10 00:23:01.107079+00
768,SARAYDÜZÜ,14,2025-04-10 00:23:01.107079+00
769,TÜRKELİ,14,2025-04-10 00:23:01.107079+00
770,AKINCILAR,63,2025-04-10 00:23:01.107079+00
771,ALTINYAYLA,63,2025-04-10 00:23:01.107079+00
772,DİVRİĞİ,63,2025-04-10 00:23:01.107079+00
773,DOĞANŞAR,63,2025-04-10 00:23:01.107079+00
774,GEMEREK,63,2025-04-10 00:23:01.107079+00
775,GÖLOVA,63,2025-04-10 00:23:01.107079+00
776,GÜRÜN,63,2025-04-10 00:23:01.107079+00
777,HAFİK,63,2025-04-10 00:23:01.107079+00
778,İMRANLI,63,2025-04-10 00:23:01.107079+00
779,KANGAL,63,2025-04-10 00:23:01.107079+00
780,KOYULHİSAR,63,2025-04-10 00:23:01.107079+00
781,MERKEZ,63,2025-04-10 00:23:01.107079+00
782,SUŞEHRİ,63,2025-04-10 00:23:01.107079+00
783,ŞARKIŞLA,63,2025-04-10 00:23:01.107079+00
784,ULAŞ,63,2025-04-10 00:23:01.107079+00
785,YILDIZELİ,63,2025-04-10 00:23:01.107079+00
786,ZARA,63,2025-04-10 00:23:01.107079+00
787,ÇERKEZKÖY,49,2025-04-10 00:23:01.107079+00
788,ÇORLU,49,2025-04-10 00:23:01.107079+00
789,ERGENE,49,2025-04-10 00:23:01.107079+00
790,HAYRABOLU,49,2025-04-10 00:23:01.107079+00
791,KAPAKLI,49,2025-04-10 00:23:01.107079+00
792,MALKARA,49,2025-04-10 00:23:01.107079+00
793,MARMARAEREĞLİSİ,49,2025-04-10 00:23:01.107079+00
794,MURATLI,49,2025-04-10 00:23:01.107079+00
795,SARAY,49,2025-04-10 00:23:01.107079+00
796,SÜLEYMANPAŞA,49,2025-04-10 00:23:01.107079+00
797,ŞARKÖY,49,2025-04-10 00:23:01.107079+00
798,ALMUS,20,2025-04-10 00:23:01.107079+00
799,ARTOVA,20,2025-04-10 00:23:01.107079+00
800,BAŞÇİFTLİK,20,2025-04-10 00:23:01.107079+00
801,ERBAA,20,2025-04-10 00:23:01.107079+00
802,MERKEZ,20,2025-04-10 00:23:01.107079+00
803,NİKSAR,20,2025-04-10 00:23:01.107079+00
804,PAZAR,20,2025-04-10 00:23:01.107079+00
805,REŞADİYE,20,2025-04-10 00:23:01.107079+00
806,SULUSARAY,20,2025-04-10 00:23:01.107079+00
807,TURHAL,20,2025-04-10 00:23:01.107079+00
808,YEŞİLYURT,20,2025-04-10 00:23:01.107079+00
809,ZİLE,20,2025-04-10 00:23:01.107079+00
810,AKÇAABAT,62,2025-04-10 00:23:01.107079+00
811,ARAKLI,62,2025-04-10 00:23:01.107079+00
812,ARSİN,62,2025-04-10 00:23:01.107079+00
813,BEŞİKDÜZÜ,62,2025-04-10 00:23:01.107079+00
814,ÇARŞIBAŞI,62,2025-04-10 00:23:01.107079+00
815,ÇAYKARA,62,2025-04-10 00:23:01.107079+00
816,DERNEKPAZARI,62,2025-04-10 00:23:01.107079+00
817,DÜZKÖY,62,2025-04-10 00:23:01.107079+00
818,HAYRAT,62,2025-04-10 00:23:01.107079+00
819,KÖPRÜBAŞI,62,2025-04-10 00:23:01.107079+00
820,MAÇKA,62,2025-04-10 00:23:01.107079+00
821,OF,62,2025-04-10 00:23:01.107079+00
822,ORTAHİSAR,62,2025-04-10 00:23:01.107079+00
823,SÜRMENE,62,2025-04-10 00:23:01.107079+00
824,ŞALPAZARI,62,2025-04-10 00:23:01.107079+00
825,TONYA,62,2025-04-10 00:23:01.107079+00
826,VAKFIKEBİR,62,2025-04-10 00:23:01.107079+00
827,YOMRA,62,2025-04-10 00:23:01.107079+00
828,ÇEMİŞGEZEK,79,2025-04-10 00:23:01.107079+00
829,HOZAT,79,2025-04-10 00:23:01.107079+00
830,MAZGİRT,79,2025-04-10 00:23:01.107079+00
831,MERKEZ,79,2025-04-10 00:23:01.107079+00
832,NAZIMİYE,79,2025-04-10 00:23:01.107079+00
833,OVACIK,79,2025-04-10 00:23:01.107079+00
834,PERTEK,79,2025-04-10 00:23:01.107079+00
835,PÜLÜMÜR,79,2025-04-10 00:23:01.107079+00
836,AKÇAKALE,53,2025-04-10 00:23:01.107079+00
837,BİRECİK,53,2025-04-10 00:23:01.107079+00
838,BOZOVA,53,2025-04-10 00:23:01.107079+00
839,CEYLANPINAR,53,2025-04-10 00:23:01.107079+00
840,EYYÜBİYE,53,2025-04-10 00:23:01.107079+00
841,HALFETİ,53,2025-04-10 00:23:01.107079+00
842,HALİLİYE,53,2025-04-10 00:23:01.107079+00
843,HARRAN,53,2025-04-10 00:23:01.107079+00
844,HİLVAN,53,2025-04-10 00:23:01.107079+00
845,KARAKÖPRÜ,53,2025-04-10 00:23:01.107079+00
846,SİVEREK,53,2025-04-10 00:23:01.107079+00
847,SURUÇ,53,2025-04-10 00:23:01.107079+00
848,VİRANŞEHİR,53,2025-04-10 00:23:01.107079+00
849,BANAZ,31,2025-04-10 00:23:01.107079+00
850,EŞME,31,2025-04-10 00:23:01.107079+00
851,KARAHALLI,31,2025-04-10 00:23:01.107079+00
852,MERKEZ,31,2025-04-10 00:23:01.107079+00
853,SİVASLI,31,2025-04-10 00:23:01.107079+00
854,ULUBEY,31,2025-04-10 00:23:01.107079+00
855,BAHÇESARAY,73,2025-04-10 00:23:01.107079+00
856,BAŞKALE,73,2025-04-10 00:23:01.107079+00
857,ÇALDIRAN,73,2025-04-10 00:23:01.107079+00
858,ÇATAK,73,2025-04-10 00:23:01.107079+00
859,EDREMİT,73,2025-04-10 00:23:01.107079+00
860,ERCİŞ,73,2025-04-10 00:23:01.107079+00
861,GEVAŞ,73,2025-04-10 00:23:01.107079+00
862,GÜRPINAR,73,2025-04-10 00:23:01.107079+00
863,İPEKYOLU,73,2025-04-10 00:23:01.107079+00
864,MURADİYE,73,2025-04-10 00:23:01.107079+00
865,ÖZALP,73,2025-04-10 00:23:01.107079+00
866,SARAY,73,2025-04-10 00:23:01.107079+00
867,TUŞBA,73,2025-04-10 00:23:01.107079+00
868,AKDAĞMADENİ,23,2025-04-10 00:23:01.107079+00
869,AYDINCIK,23,2025-04-10 00:23:01.107079+00
870,BOĞAZLIYAN,23,2025-04-10 00:23:01.107079+00
871,ÇANDIR,23,2025-04-10 00:23:01.107079+00
872,ÇAYIRALAN,23,2025-04-10 00:23:01.107079+00
873,ÇEKEREK,23,2025-04-10 00:23:01.107079+00
874,KADIŞEHRİ,23,2025-04-10 00:23:01.107079+00
875,MERKEZ,23,2025-04-10 00:23:01.107079+00
876,SARAYKENT,23,2025-04-10 00:23:01.107079+00
877,SARIKAYA,23,2025-04-10 00:23:01.107079+00
878,SORGUN,23,2025-04-10 00:23:01.107079+00
879,ŞEFAATLİ,23,2025-04-10 00:23:01.107079+00
880,YENİFAKILI,23,2025-04-10 00:23:01.107079+00
881,YERKÖY,23,2025-04-10 00:23:01.107079+00
882,ALAPLI,41,2025-04-10 00:23:01.107079+00
883,ÇAYCUMA,41,2025-04-10 00:23:01.107079+00
884,DEVREK,41,2025-04-10 00:23:01.107079+00
885,EREĞLİ,41,2025-04-10 00:23:01.107079+00
886,GÖKÇEBEY,41,2025-04-10 00:23:01.107079+00
887,KİLİMLİ,41,2025-04-10 00:23:01.107079+00
888,KOZLU,41,2025-04-10 00:23:01.107079+00
889,MERKEZ,41,2025-04-10 00:23:01.107079+00
890,AĞAÇÖREN,42,2025-04-10 00:23:01.107079+00
891,ESKİL,42,2025-04-10 00:23:01.107079+00
892,GÜLAĞAÇ,42,2025-04-10 00:23:01.107079+00
893,GÜZELYURT,42,2025-04-10 00:23:01.107079+00
894,MERKEZ,42,2025-04-10 00:23:01.107079+00
895,ORTAKÖY,42,2025-04-10 00:23:01.107079+00
896,SARIYAHŞİ,42,2025-04-10 00:23:01.107079+00
897,SULTANHANI,42,2025-04-10 00:23:01.107079+00
898,AYDINTEPE,12,2025-04-10 00:23:01.107079+00
899,DEMİRÖZÜ,12,2025-04-10 00:23:01.107079+00
900,MERKEZ,12,2025-04-10 00:23:01.107079+00
901,AYRANCI,83,2025-04-10 00:23:01.107079+00
902,BAŞYAYLA,83,2025-04-10 00:23:01.107079+00
903,ERMENEK,83,2025-04-10 00:23:01.107079+00
904,KAZIMKARABEKİR,83,2025-04-10 00:23:01.107079+00
905,MERKEZ,83,2025-04-10 00:23:01.107079+00
906,SARIVELİLER,83,2025-04-10 00:23:01.107079+00
907,BAHŞİLİ,82,2025-04-10 00:23:01.107079+00
908,BALIŞEYH,82,2025-04-10 00:23:01.107079+00
909,ÇELEBİ,82,2025-04-10 00:23:01.107079+00
910,DELİCE,82,2025-04-10 00:23:01.107079+00
911,KARAKEÇİLİ,82,2025-04-10 00:23:01.107079+00
912,KESKİN,82,2025-04-10 00:23:01.107079+00
913,MERKEZ,82,2025-04-10 00:23:01.107079+00
914,SULAKYURT,82,2025-04-10 00:23:01.107079+00
915,YAHŞİHAN,82,2025-04-10 00:23:01.107079+00
916,BEŞİRİ,55,2025-04-10 00:23:01.107079+00
917,GERCÜŞ,55,2025-04-10 00:23:01.107079+00
918,HASANKEYF,55,2025-04-10 00:23:01.107079+00
919,KOZLUK,55,2025-04-10 00:23:01.107079+00
920,MERKEZ,55,2025-04-10 00:23:01.107079+00
921,SASON,55,2025-04-10 00:23:01.107079+00
922,BEYTÜŞŞEBAP,47,2025-04-10 00:23:01.107079+00
923,CİZRE,47,2025-04-10 00:23:01.107079+00
924,GÜÇLÜKONAK,47,2025-04-10 00:23:01.107079+00
925,İDİL,47,2025-04-10 00:23:01.107079+00
926,MERKEZ,47,2025-04-10 00:23:01.107079+00
927,SİLOPİ,47,2025-04-10 00:23:01.107079+00
928,ULUDERE,47,2025-04-10 00:23:01.107079+00
929,AMASRA,15,2025-04-10 00:23:01.107079+00
930,KURUCAŞİLE,15,2025-04-10 00:23:01.107079+00
931,MERKEZ,15,2025-04-10 00:23:01.107079+00
932,ULUS,15,2025-04-10 00:23:01.107079+00
933,ÇILDIR,69,2025-04-10 00:23:01.107079+00
934,DAMAL,69,2025-04-10 00:23:01.107079+00
935,GÖLE,69,2025-04-10 00:23:01.107079+00
936,HANAK,69,2025-04-10 00:23:01.107079+00
937,MERKEZ,69,2025-04-10 00:23:01.107079+00
938,POSOF,69,2025-04-10 00:23:01.107079+00
939,ARALIK,28,2025-04-10 00:23:01.107079+00
940,KARAKOYUNLU,28,2025-04-10 00:23:01.107079+00
941,MERKEZ,28,2025-04-10 00:23:01.107079+00
942,TUZLUCA,28,2025-04-10 00:23:01.107079+00
943,ALTINOVA,60,2025-04-10 00:23:01.107079+00
944,ARMUTLU,60,2025-04-10 00:23:01.107079+00
945,ÇINARCIK,60,2025-04-10 00:23:01.107079+00
946,ÇİFTLİKKÖY,60,2025-04-10 00:23:01.107079+00
947,MERKEZ,60,2025-04-10 00:23:01.107079+00
948,TERMAL,60,2025-04-10 00:23:01.107079+00
949,EFLANİ,38,2025-04-10 00:23:01.107079+00
950,ESKİPAZAR,38,2025-04-10 00:23:01.107079+00
951,MERKEZ,38,2025-04-10 00:23:01.107079+00
952,OVACIK,38,2025-04-10 00:23:01.107079+00
953,SAFRANBOLU,38,2025-04-10 00:23:01.107079+00
954,YENİCE,38,2025-04-10 00:23:01.107079+00
955,ELBEYLİ,78,2025-04-10 00:23:01.107079+00
956,MERKEZ,78,2025-04-10 00:23:01.107079+00
957,MUSABEYLİ,78,2025-04-10 00:23:01.107079+00
958,POLATELİ,78,2025-04-10 00:23:01.107079+00
959,BAHÇE,4,2025-04-10 00:23:01.107079+00
960,DÜZİÇİ,4,2025-04-10 00:23:01.107079+00
961,HASANBEYLİ,4,2025-04-10 00:23:01.107079+00
962,KADİRLİ,4,2025-04-10 00:23:01.107079+00
963,MERKEZ,4,2025-04-10 00:23:01.107079+00
964,SUMBAS,4,2025-04-10 00:23:01.107079+00
965,TOPRAKKALE,4,2025-04-10 00:23:01.107079+00
966,AKÇAKOCA,70,2025-04-10 00:23:01.107079+00
967,CUMAYERİ,70,2025-04-10 00:23:01.107079+00
968,ÇİLİMLİ,70,2025-04-10 00:23:01.107079+00
969,GÖLYAKA,70,2025-04-10 00:23:01.107079+00
970,GÜMÜŞOVA,70,2025-04-10 00:23:01.107079+00
971,KAYNAŞLI,70,2025-04-10 00:23:01.107079+00
972,MERKEZ,70,2025-04-10 00:23:01.107079+00
973,YIĞILCA,70,2025-04-10 00:23:01.107079+00
