[
    {
        "id": 1,
        "title": "Park alanında çöp sorunu",
        "content": "Atatürk Parkı'nda son zamanlarda çöp kutuları düzenli olarak boşaltılmıyor. Özellikle hafta sonları park çöplerle doluyor ve kötü koku oluşuyor. Bu sorunun en kısa zamanda çözülmesi gerekiyor. Çocukların oyun alanları da temiz değil.",
        "user_id": 4,
        "category_id": 8,
        "city_id": 8,
        "district_id": 532,
        "status": "awaitingSolution",
        "type": "problem",
        "likes": 11,
        "highlights": 6,
        "comment_count": 0,
        "is_anonymous": false,
        "created_at": "2025-03-20 14:08:03.942137+00"
    },
    {
        "id": 2,
        "title": "Park alanında çöp sorunu",
        "content": "Atatürk Parkı'nda son zamanlarda çöp kutuları düzenli olarak boşaltılmıyor. Özellikle hafta sonları park çöplerle doluyor ve kötü koku oluşuyor. Bu sorunun en kısa zamanda çözülmesi gerekiyor. Çocukların oyun alanları da temiz değil.",
        "user_id": 4,
        "category_id": 8,
        "city_id": 8,
        "district_id": 532,
        "status": "awaitingSolution",
        "type": "problem",
        "likes": 11,
        "highlights": 6,
        "comment_count": 0,
        "is_anonymous": false,
        "created_at": "2025-03-20 14:08:03.974548+00"
    },
    {
        "id": 3,
        "title": "İlçemizde yeni bisiklet yolları yapılsın",
        "content": "Bisiklet kullanımını teşvik etmek ve daha sağlıklı bir toplum oluşturmak için ilçemize güvenli bisiklet yolları yapılmasını öneriyorum. Özellikle ana caddelerde ve sahil şeridinde bisiklet yolları yapılırsa hem trafik rahatlar hem de insanlar daha fazla spor yapar.",
        "user_id": 1,
        "category_id": 6,
        "city_id": 77,
        "district_id": 425,
        "status": "rejected",
        "type": "suggestion",
        "likes": 21,
        "highlights": 8,
        "comment_count": 0,
        "is_anonymous": false,
        "created_at": "2025-03-29 14:08:04.341581+00"
    },
    {
        "id": 4,
        "title": "İlçemizde yeni bisiklet yolları yapılsın",
        "content": "Bisiklet kullanımını teşvik etmek ve daha sağlıklı bir toplum oluşturmak için ilçemize güvenli bisiklet yolları yapılmasını öneriyorum. Özellikle ana caddelerde ve sahil şeridinde bisiklet yolları yapılırsa hem trafik rahatlar hem de insanlar daha fazla spor yapar.",
        "user_id": 1,
        "category_id": 6,
        "city_id": 77,
        "district_id": 425,
        "status": "rejected",
        "type": "suggestion",
        "likes": 21,
        "highlights": 8,
        "comment_count": 0,
        "is_anonymous": false,
        "created_at": "2025-03-29 14:08:04.363866+00"
    },
    {
        "id": 5,
        "title": "Kaldırımlarda engelli erişimi sorunu",
        "content": "Merkez mahallede kaldırımların birçoğunda engelli rampaları ya yok ya da standartlara uygun değil. Tekerlekli sandalye kullananlar ve görme engelliler için bu durum büyük sorun yaratıyor. Ayrıca bazı kaldırımlarda ağaç kökleri kaldırımları kaldırmış durumda.",
        "user_id": 4,
        "category_id": 6,
        "city_id": 11,
        "district_id": 194,
        "status": "rejected",
        "type": "problem",
        "likes": 115,
        "highlights": 36,
        "comment_count": 0,
        "is_anonymous": false,
        "created_at": "2025-03-17 14:08:04.704849+00"
    },
    {
        "id": 6,
        "title": "Kaldırımlarda engelli erişimi sorunu",
        "content": "Merkez mahallede kaldırımların birçoğunda engelli rampaları ya yok ya da standartlara uygun değil. Tekerlekli sandalye kullananlar ve görme engelliler için bu durum büyük sorun yaratıyor. Ayrıca bazı kaldırımlarda ağaç kökleri kaldırımları kaldırmış durumda.",
        "user_id": 4,
        "category_id": 6,
        "city_id": 11,
        "district_id": 194,
        "status": "rejected",
        "type": "problem",
        "likes": 115,
        "highlights": 36,
        "comment_count": 0,
        "is_anonymous": false,
        "created_at": "2025-03-17 14:08:04.728979+00"
    },
    {
        "id": 7,
        "title": "Mahalle sakinlerine ücretsiz sağlık taraması",
        "content": "Bu hafta sonu, 09:00-17:00 saatleri arasında Kültür Merkezi'nde ücretsiz sağlık taraması yapılacaktır. Tansiyon, şeker, kolesterol ölçümleri ve genel sağlık kontrolü için tüm mahalle sakinlerimiz davetlidir. Lütfen kimlik kartınızı getirmeyi unutmayın.",
        "user_id": 4,
        "category_id": 8,
        "city_id": 58,
        "district_id": 102,
        "status": "inProgress",
        "type": "announcement",
        "likes": 114,
        "highlights": 47,
        "comment_count": 0,
        "is_anonymous": false,
        "created_at": "2025-04-07 14:08:05.077671+00"
    },
    {
        "id": 8,
        "title": "Mahalle sakinlerine ücretsiz sağlık taraması",
        "content": "Bu hafta sonu, 09:00-17:00 saatleri arasında Kültür Merkezi'nde ücretsiz sağlık taraması yapılacaktır. Tansiyon, şeker, kolesterol ölçümleri ve genel sağlık kontrolü için tüm mahalle sakinlerimiz davetlidir. Lütfen kimlik kartınızı getirmeyi unutmayın.",
        "user_id": 4,
        "category_id": 8,
        "city_id": 58,
        "district_id": 102,
        "status": "inProgress",
        "type": "announcement",
        "likes": 114,
        "highlights": 47,
        "comment_count": 0,
        "is_anonymous": false,
        "created_at": "2025-04-07 14:08:05.098443+00"
    },
    {
        "id": 9,
        "title": "Sokak hayvanları için mama ve su kapları",
        "content": "İlçemizin çeşitli noktalarına sokak hayvanları için mama ve su kapları yerleştirilmesini öneriyorum. Özellikle yaz aylarında su bulma konusunda zorluk yaşayan sokak hayvanları için bu önemli bir ihtiyaç. Belediyenin bu konuya duyarlı davranacağını umuyorum.",
        "user_id": 1,
        "category_id": 3,
        "city_id": 25,
        "district_id": 712,
        "status": "inProgress",
        "type": "suggestion",
        "likes": 62,
        "highlights": 54,
        "comment_count": 0,
        "is_anonymous": false,
        "created_at": "2025-04-08 14:08:05.420273+00"
    },
    {
        "id": 13,
        "title": "Spor salonu ücretlerindeki artış",
        "content": "Belediyeye ait spor salonunda ücretlere yapılan son zamlar çok yüksek. Özellikle öğrenciler ve emekliler bu zamlardan sonra spor salonunu kullanamaz hale geldi. Belediyenin bu konuyu tekrar değerlendirmesini ve özellikle öğrenci ve emekliler için indirimli tarifeler uygulamasını rica ediyorum.",
        "user_id": 4,
        "category_id": 1,
        "city_id": 26,
        "district_id": 10,
        "status": "inProgress",
        "type": "general",
        "likes": 27,
        "highlights": 16,
        "comment_count": 0,
        "is_anonymous": false,
        "created_at": "2025-03-15 14:08:06.177425+00"
    },
    {
        "id": 14,
        "title": "Spor salonu ücretlerindeki artış",
        "content": "Belediyeye ait spor salonunda ücretlere yapılan son zamlar çok yüksek. Özellikle öğrenciler ve emekliler bu zamlardan sonra spor salonunu kullanamaz hale geldi. Belediyenin bu konuyu tekrar değerlendirmesini ve özellikle öğrenci ve emekliler için indirimli tarifeler uygulamasını rica ediyorum.",
        "user_id": 4,
        "category_id": 1,
        "city_id": 26,
        "district_id": 10,
        "status": "inProgress",
        "type": "general",
        "likes": 27,
        "highlights": 16,
        "comment_count": 0,
        "is_anonymous": false,
        "created_at": "2025-03-15 14:08:06.197987+00"
    },
    {
        "id": 15,
        "title": "Yeni açılan kültür merkezi",
        "content": "Geçen hafta açılan kültür merkezi gerçekten çok güzel olmuş. Özellikle kütüphane bölümü çok ferah ve kullanışlı. Belediyemizi bu güzel hizmet için tebrik ediyorum. Umarım benzer projelere devam edilir ve kültürel etkinlikler artırılır.",
        "user_id": 1,
        "category_id": 9,
        "city_id": 17,
        "district_id": 415,
        "status": "inProgress",
        "type": "general",
        "likes": 233,
        "highlights": 69,
        "comment_count": 0,
        "is_anonymous": false,
        "created_at": "2025-03-21 14:08:06.517767+00"
    },
    {
        "id": 16,
        "title": "Yeni açılan kültür merkezi",
        "content": "Geçen hafta açılan kültür merkezi gerçekten çok güzel olmuş. Özellikle kütüphane bölümü çok ferah ve kullanışlı. Belediyemizi bu güzel hizmet için tebrik ediyorum. Umarım benzer projelere devam edilir ve kültürel etkinlikler artırılır.",
        "user_id": 1,
        "category_id": 9,
        "city_id": 17,
        "district_id": 415,
        "status": "inProgress",
        "type": "general",
        "likes": 233,
        "highlights": 69,
        "comment_count": 0,
        "is_anonymous": false,
        "created_at": "2025-03-21 14:08:06.538704+00"
    },
    {
        "id": 17,
        "title": "Sel baskını sonrası altyapı sorunu",
        "content": "Geçen haftaki yağışlar sonrası Yeni Mahalle'de ciddi sel baskınları yaşandı. Birçok ev ve iş yerinin alt katları su altında kaldı. Bu durum altyapının yetersiz olduğunu gösteriyor. Belediyenin özellikle yağmur suyu kanallarını temizlemesi ve genişletmesi gerekiyor.",
        "user_id": 4,
        "category_id": 8,
        "city_id": 33,
        "district_id": 52,
        "status": "inProgress",
        "type": "problem",
        "likes": 82,
        "highlights": 51,
        "comment_count": 0,
        "is_anonymous": false,
        "created_at": "2025-03-29 14:08:06.887196+00"
    },
    {
        "id": 18,
        "title": "Sel baskını sonrası altyapı sorunu",
        "content": "Geçen haftaki yağışlar sonrası Yeni Mahalle'de ciddi sel baskınları yaşandı. Birçok ev ve iş yerinin alt katları su altında kaldı. Bu durum altyapının yetersiz olduğunu gösteriyor. Belediyenin özellikle yağmur suyu kanallarını temizlemesi ve genişletmesi gerekiyor.",
        "user_id": 4,
        "category_id": 8,
        "city_id": 33,
        "district_id": 52,
        "status": "inProgress",
        "type": "problem",
        "likes": 82,
        "highlights": 51,
        "comment_count": 0,
        "is_anonymous": false,
        "created_at": "2025-03-29 14:08:06.907948+00"
    },
    {
        "id": 19,
        "title": "Sokak aydınlatmalarının yetersizliği",
        "content": "Bahçelievler bölgesindeki sokak lambaları çok seyrek ve ışıkları yetersiz. Bu durum özellikle kış aylarında akşam saatlerinde güvenlik sorunu yaratıyor. Aydınlatmaların artırılması ve mevcut lambaların daha güçlü LED lambalarla değiştirilmesi faydalı olacaktır.",
        "user_id": 1,
        "category_id": 7,
        "city_id": 83,
        "district_id": 905,
        "status": "rejected",
        "type": "suggestion",
        "likes": 137,
        "highlights": 28,
        "comment_count": 0,
        "is_anonymous": false,
        "created_at": "2025-04-01 14:08:07.267951+00"
    },
    {
        "id": 11,
        "title": "Trafik ışıklarının çalışmaması",
        "content": "Ana bulvardaki trafik ışıkları üç gündür çalışmıyor. Bu durum özellikle sabah ve akşam saatlerinde trafik karmaşasına yol açıyor. Kaza riski yüksek, acilen tamir edilmesi gerekiyor.\n\n",
        "user_id": 1,
        "category_id": 6,
        "city_id": 54,
        "district_id": 126,
        "status": "inProgress",
        "type": "problem",
        "likes": 19,
        "highlights": 25,
        "comment_count": 0,
        "is_anonymous": false,
        "created_at": "2025-04-10 14:08:05.80793+00"
    },
    {
        "id": 10,
        "title": "Sokak hayvanları için mama ve su kapları",
        "content": "İlçemizin çeşitli noktalarına sokak hayvanları için mama ve su kapları yerleştirilmesini öneriyorum. Özellikle yaz aylarında su bulma konusunda zorluk yaşayan sokak hayvanları için bu önemli bir ihtiyaç. Belediyenin bu konuya duyarlı davranacağını umuyorum.",
        "user_id": 1,
        "category_id": 3,
        "city_id": 25,
        "district_id": 712,
        "status": "inProgress",
        "type": "suggestion",
        "likes": 62,
        "highlights": 54,
        "comment_count": 0,
        "is_anonymous": false,
        "created_at": "2025-04-08 14:08:05.441721+00"
    },
    {
        "id": 20,
        "title": "Sokak aydınlatmalarının yetersizliği",
        "content": "Bahçelievler bölgesindeki sokak lambaları çok seyrek ve ışıkları yetersiz. Bu durum özellikle kış aylarında akşam saatlerinde güvenlik sorunu yaratıyor. Aydınlatmaların artırılması ve mevcut lambaların daha güçlü LED lambalarla değiştirilmesi faydalı olacaktır.",
        "user_id": 1,
        "category_id": 7,
        "city_id": 83,
        "district_id": 905,
        "status": "rejected",
        "type": "suggestion",
        "likes": 137,
        "highlights": 28,
        "comment_count": 0,
        "is_anonymous": false,
        "created_at": "2025-04-01 14:08:07.291686+00"
    },
    {
        "id": 21,
        "title": "Park alanında çöp sorunu",
        "content": "Atatürk Parkı'nda son zamanlarda çöp kutuları düzenli olarak boşaltılmıyor. Özellikle hafta sonları park çöplerle doluyor ve kötü koku oluşuyor. Bu sorunun en kısa zamanda çözülmesi gerekiyor. Çocukların oyun alanları da temiz değil.",
        "user_id": 4,
        "category_id": 3,
        "city_id": 77,
        "district_id": 450,
        "status": "inProgress",
        "type": "problem",
        "likes": 70,
        "highlights": 24,
        "comment_count": 0,
        "is_anonymous": false,
        "created_at": "2025-03-15 14:08:49.587521+00"
    },
    {
        "id": 22,
        "title": "Park alanında çöp sorunu",
        "content": "Atatürk Parkı'nda son zamanlarda çöp kutuları düzenli olarak boşaltılmıyor. Özellikle hafta sonları park çöplerle doluyor ve kötü koku oluşuyor. Bu sorunun en kısa zamanda çözülmesi gerekiyor. Çocukların oyun alanları da temiz değil.",
        "user_id": 4,
        "category_id": 3,
        "city_id": 77,
        "district_id": 450,
        "status": "inProgress",
        "type": "problem",
        "likes": 70,
        "highlights": 24,
        "comment_count": 0,
        "is_anonymous": false,
        "created_at": "2025-03-15 14:08:49.609522+00"
    },
    {
        "id": 23,
        "title": "İlçemizde yeni bisiklet yolları yapılsın",
        "content": "Bisiklet kullanımını teşvik etmek ve daha sağlıklı bir toplum oluşturmak için ilçemize güvenli bisiklet yolları yapılmasını öneriyorum. Özellikle ana caddelerde ve sahil şeridinde bisiklet yolları yapılırsa hem trafik rahatlar hem de insanlar daha fazla spor yapar.",
        "user_id": 4,
        "category_id": 2,
        "city_id": 41,
        "district_id": 888,
        "status": "awaitingSolution",
        "type": "suggestion",
        "likes": 119,
        "highlights": 5,
        "comment_count": 0,
        "is_anonymous": false,
        "created_at": "2025-03-31 14:08:50.037312+00"
    },
    {
        "id": 24,
        "title": "İlçemizde yeni bisiklet yolları yapılsın",
        "content": "Bisiklet kullanımını teşvik etmek ve daha sağlıklı bir toplum oluşturmak için ilçemize güvenli bisiklet yolları yapılmasını öneriyorum. Özellikle ana caddelerde ve sahil şeridinde bisiklet yolları yapılırsa hem trafik rahatlar hem de insanlar daha fazla spor yapar.",
        "user_id": 4,
        "category_id": 2,
        "city_id": 41,
        "district_id": 888,
        "status": "awaitingSolution",
        "type": "suggestion",
        "likes": 119,
        "highlights": 5,
        "comment_count": 0,
        "is_anonymous": false,
        "created_at": "2025-03-31 14:08:50.061293+00"
    },
    {
        "id": 25,
        "title": "Kaldırımlarda engelli erişimi sorunu",
        "content": "Merkez mahallede kaldırımların birçoğunda engelli rampaları ya yok ya da standartlara uygun değil. Tekerlekli sandalye kullananlar ve görme engelliler için bu durum büyük sorun yaratıyor. Ayrıca bazı kaldırımlarda ağaç kökleri kaldırımları kaldırmış durumda.",
        "user_id": 4,
        "category_id": 4,
        "city_id": 10,
        "district_id": 736,
        "status": "inProgress",
        "type": "problem",
        "likes": 30,
        "highlights": 14,
        "comment_count": 0,
        "is_anonymous": false,
        "created_at": "2025-04-04 14:08:50.484186+00"
    },
    {
        "id": 26,
        "title": "Kaldırımlarda engelli erişimi sorunu",
        "content": "Merkez mahallede kaldırımların birçoğunda engelli rampaları ya yok ya da standartlara uygun değil. Tekerlekli sandalye kullananlar ve görme engelliler için bu durum büyük sorun yaratıyor. Ayrıca bazı kaldırımlarda ağaç kökleri kaldırımları kaldırmış durumda.",
        "user_id": 4,
        "category_id": 4,
        "city_id": 10,
        "district_id": 736,
        "status": "inProgress",
        "type": "problem",
        "likes": 30,
        "highlights": 14,
        "comment_count": 0,
        "is_anonymous": false,
        "created_at": "2025-04-04 14:08:50.506168+00"
    },
    {
        "id": 27,
        "title": "Mahalle sakinlerine ücretsiz sağlık taraması",
        "content": "Bu hafta sonu, 09:00-17:00 saatleri arasında Kültür Merkezi'nde ücretsiz sağlık taraması yapılacaktır. Tansiyon, şeker, kolesterol ölçümleri ve genel sağlık kontrolü için tüm mahalle sakinlerimiz davetlidir. Lütfen kimlik kartınızı getirmeyi unutmayın.",
        "user_id": 4,
        "category_id": 7,
        "city_id": 57,
        "district_id": 25,
        "status": "solved",
        "type": "announcement",
        "likes": 38,
        "highlights": 46,
        "comment_count": 0,
        "is_anonymous": false,
        "created_at": "2025-03-14 14:08:50.927702+00"
    },
    {
        "id": 28,
        "title": "Mahalle sakinlerine ücretsiz sağlık taraması",
        "content": "Bu hafta sonu, 09:00-17:00 saatleri arasında Kültür Merkezi'nde ücretsiz sağlık taraması yapılacaktır. Tansiyon, şeker, kolesterol ölçümleri ve genel sağlık kontrolü için tüm mahalle sakinlerimiz davetlidir. Lütfen kimlik kartınızı getirmeyi unutmayın.",
        "user_id": 4,
        "category_id": 7,
        "city_id": 57,
        "district_id": 25,
        "status": "solved",
        "type": "announcement",
        "likes": 38,
        "highlights": 46,
        "comment_count": 0,
        "is_anonymous": false,
        "created_at": "2025-03-14 14:08:50.94976+00"
    },
    {
        "id": 29,
        "title": "Sokak hayvanları için mama ve su kapları",
        "content": "İlçemizin çeşitli noktalarına sokak hayvanları için mama ve su kapları yerleştirilmesini öneriyorum. Özellikle yaz aylarında su bulma konusunda zorluk yaşayan sokak hayvanları için bu önemli bir ihtiyaç. Belediyenin bu konuya duyarlı davranacağını umuyorum.",
        "user_id": 4,
        "category_id": 3,
        "city_id": 3,
        "district_id": 225,
        "status": "awaitingSolution",
        "type": "suggestion",
        "likes": 85,
        "highlights": 57,
        "comment_count": 0,
        "is_anonymous": false,
        "created_at": "2025-04-03 14:08:51.278189+00"
    },
    {
        "id": 30,
        "title": "Sokak hayvanları için mama ve su kapları",
        "content": "İlçemizin çeşitli noktalarına sokak hayvanları için mama ve su kapları yerleştirilmesini öneriyorum. Özellikle yaz aylarında su bulma konusunda zorluk yaşayan sokak hayvanları için bu önemli bir ihtiyaç. Belediyenin bu konuya duyarlı davranacağını umuyorum.",
        "user_id": 4,
        "category_id": 3,
        "city_id": 3,
        "district_id": 225,
        "status": "awaitingSolution",
        "type": "suggestion",
        "likes": 85,
        "highlights": 57,
        "comment_count": 0,
        "is_anonymous": false,
        "created_at": "2025-04-03 14:08:51.302173+00"
    },
    {
        "id": 31,
        "title": "Trafik ışıklarının çalışmaması",
        "content": "Ana bulvardaki trafik ışıkları üç gündür çalışmıyor. Bu durum özellikle sabah ve akşam saatlerinde trafik karmaşasına yol açıyor. Kaza riski yüksek, acilen tamir edilmesi gerekiyor.",
        "user_id": 1,
        "category_id": 4,
        "city_id": 41,
        "district_id": 887,
        "status": "inProgress",
        "type": "problem",
        "likes": 32,
        "highlights": 15,
        "comment_count": 0,
        "is_anonymous": false,
        "created_at": "2025-03-22 14:08:51.73624+00"
    },
    {
        "id": 32,
        "title": "Trafik ışıklarının çalışmaması",
        "content": "Ana bulvardaki trafik ışıkları üç gündür çalışmıyor. Bu durum özellikle sabah ve akşam saatlerinde trafik karmaşasına yol açıyor. Kaza riski yüksek, acilen tamir edilmesi gerekiyor.",
        "user_id": 1,
        "category_id": 4,
        "city_id": 41,
        "district_id": 887,
        "status": "inProgress",
        "type": "problem",
        "likes": 32,
        "highlights": 15,
        "comment_count": 0,
        "is_anonymous": false,
        "created_at": "2025-03-22 14:08:51.757249+00"
    },
    {
        "id": 33,
        "title": "Spor salonu ücretlerindeki artış",
        "content": "Belediyeye ait spor salonunda ücretlere yapılan son zamlar çok yüksek. Özellikle öğrenciler ve emekliler bu zamlardan sonra spor salonunu kullanamaz hale geldi. Belediyenin bu konuyu tekrar değerlendirmesini ve özellikle öğrenci ve emekliler için indirimli tarifeler uygulamasını rica ediyorum.",
        "user_id": 4,
        "category_id": 7,
        "city_id": 18,
        "district_id": 688,
        "status": "solved",
        "type": "general",
        "likes": 107,
        "highlights": 10,
        "comment_count": 0,
        "is_anonymous": false,
        "created_at": "2025-03-14 14:08:52.171528+00"
    },
    {
        "id": 34,
        "title": "Spor salonu ücretlerindeki artış",
        "content": "Belediyeye ait spor salonunda ücretlere yapılan son zamlar çok yüksek. Özellikle öğrenciler ve emekliler bu zamlardan sonra spor salonunu kullanamaz hale geldi. Belediyenin bu konuyu tekrar değerlendirmesini ve özellikle öğrenci ve emekliler için indirimli tarifeler uygulamasını rica ediyorum.",
        "user_id": 4,
        "category_id": 7,
        "city_id": 18,
        "district_id": 688,
        "status": "solved",
        "type": "general",
        "likes": 107,
        "highlights": 10,
        "comment_count": 0,
        "is_anonymous": false,
        "created_at": "2025-03-14 14:08:52.192371+00"
    },
    {
        "id": 35,
        "title": "Yeni açılan kültür merkezi",
        "content": "Geçen hafta açılan kültür merkezi gerçekten çok güzel olmuş. Özellikle kütüphane bölümü çok ferah ve kullanışlı. Belediyemizi bu güzel hizmet için tebrik ediyorum. Umarım benzer projelere devam edilir ve kültürel etkinlikler artırılır.",
        "user_id": 1,
        "category_id": 5,
        "city_id": 8,
        "district_id": 528,
        "status": "solved",
        "type": "general",
        "likes": 133,
        "highlights": 72,
        "comment_count": 0,
        "is_anonymous": false,
        "created_at": "2025-04-04 14:08:52.500697+00"
    },
    {
        "id": 36,
        "title": "Yeni açılan kültür merkezi",
        "content": "Geçen hafta açılan kültür merkezi gerçekten çok güzel olmuş. Özellikle kütüphane bölümü çok ferah ve kullanışlı. Belediyemizi bu güzel hizmet için tebrik ediyorum. Umarım benzer projelere devam edilir ve kültürel etkinlikler artırılır.",
        "user_id": 1,
        "category_id": 5,
        "city_id": 8,
        "district_id": 528,
        "status": "solved",
        "type": "general",
        "likes": 133,
        "highlights": 72,
        "comment_count": 0,
        "is_anonymous": false,
        "created_at": "2025-04-04 14:08:52.522468+00"
    },
    {
        "id": 37,
        "title": "Sel baskını sonrası altyapı sorunu",
        "content": "Geçen haftaki yağışlar sonrası Yeni Mahalle'de ciddi sel baskınları yaşandı. Birçok ev ve iş yerinin alt katları su altında kaldı. Bu durum altyapının yetersiz olduğunu gösteriyor. Belediyenin özellikle yağmur suyu kanallarını temizlemesi ve genişletmesi gerekiyor.",
        "user_id": 1,
        "category_id": 9,
        "city_id": 45,
        "district_id": 258,
        "status": "rejected",
        "type": "problem",
        "likes": 181,
        "highlights": 53,
        "comment_count": 0,
        "is_anonymous": false,
        "created_at": "2025-03-23 14:08:52.963402+00"
    },
    {
        "id": 38,
        "title": "Sel baskını sonrası altyapı sorunu",
        "content": "Geçen haftaki yağışlar sonrası Yeni Mahalle'de ciddi sel baskınları yaşandı. Birçok ev ve iş yerinin alt katları su altında kaldı. Bu durum altyapının yetersiz olduğunu gösteriyor. Belediyenin özellikle yağmur suyu kanallarını temizlemesi ve genişletmesi gerekiyor.",
        "user_id": 1,
        "category_id": 9,
        "city_id": 45,
        "district_id": 258,
        "status": "rejected",
        "type": "problem",
        "likes": 181,
        "highlights": 53,
        "comment_count": 0,
        "is_anonymous": false,
        "created_at": "2025-03-23 14:08:52.984757+00"
    },
    {
        "id": 39,
        "title": "Sokak aydınlatmalarının yetersizliği",
        "content": "Bahçelievler bölgesindeki sokak lambaları çok seyrek ve ışıkları yetersiz. Bu durum özellikle kış aylarında akşam saatlerinde güvenlik sorunu yaratıyor. Aydınlatmaların artırılması ve mevcut lambaların daha güçlü LED lambalarla değiştirilmesi faydalı olacaktır.",
        "user_id": 1,
        "category_id": 3,
        "city_id": 23,
        "district_id": 878,
        "status": "solved",
        "type": "suggestion",
        "likes": 182,
        "highlights": 17,
        "comment_count": 0,
        "is_anonymous": false,
        "created_at": "2025-03-27 14:08:53.440932+00"
    },
    {
        "id": 40,
        "title": "Sokak aydınlatmalarının yetersizliği",
        "content": "Bahçelievler bölgesindeki sokak lambaları çok seyrek ve ışıkları yetersiz. Bu durum özellikle kış aylarında akşam saatlerinde güvenlik sorunu yaratıyor. Aydınlatmaların artırılması ve mevcut lambaların daha güçlü LED lambalarla değiştirilmesi faydalı olacaktır.",
        "user_id": 1,
        "category_id": 3,
        "city_id": 23,
        "district_id": 878,
        "status": "solved",
        "type": "suggestion",
        "likes": 182,
        "highlights": 17,
        "comment_count": 0,
        "is_anonymous": false,
        "created_at": "2025-03-27 14:08:53.467063+00"
    },
    {
        "id": 12,
        "title": "Trafik ışıklarının çalışmaması Sorunu zafer",
        "content": "Zafer Ana bulvardaki trafik ışıkları üç gündür çalışmıyor. Bu durum özellikle sabah ve akşam saatlerinde trafik karmaşasına yol açıyor. Kaza riski yüksek, acilen tamir edilmesi gerekiyor. ",
        "user_id": 1,
        "category_id": 6,
        "city_id": 54,
        "district_id": 126,
        "status": "inProgress",
        "type": "problem",
        "likes": 19,
        "highlights": 25,
        "comment_count": 0,
        "is_anonymous": false,
        "created_at": "2025-04-10 14:08:05.829537+00"
    },
    {
        "id": 80,
        "title": "Otobüs hatlarının yetersizliği",
        "content": "Parklarımızda güvenlik kameraları ve daha fazla aydınlatma olması gerekiyor. Özellikle akşam saatlerinde parklar güvensiz hale geliyor.",
        "user_id": 136,
        "category_id": 4,
        "city_id": 34,
        "district_id": 302,
        "status": "solved",
        "type": "general",
        "likes": 0,
        "highlights": 0,
        "comment_count": 1,
        "is_anonymous": false,
        "created_at": "2025-04-11 20:28:28.663529+00"
    },
    {
        "id": 79,
        "title": "Parkların temizliği ve güvenliği",
        "content": "Sokağımızda günlerdir çöpler toplanmıyor ve kötü koku oluşmaya başladı. Belediyenin bu sorunu acilen çözmesini talep ediyoruz.",
        "user_id": 138,
        "category_id": 6,
        "city_id": 6,
        "district_id": 348,
        "status": "solved",
        "type": "problem",
        "likes": 2,
        "highlights": 0,
        "comment_count": 3,
        "is_anonymous": false,
        "created_at": "2025-04-11 20:28:28.663529+00"
    },
    {
        "id": 85,
        "title": "Otobüs hatlarının yetersizliği",
        "content": "Bazı sokaklar yeterince aydınlatılmıyor ve bu güvenlik sorunları yaratıyor. Aydınlatma sisteminin güçlendirilmesini istiyoruz.",
        "user_id": 142,
        "category_id": 8,
        "city_id": 6,
        "district_id": 352,
        "status": "inProgress",
        "type": "general",
        "likes": 1,
        "highlights": 0,
        "comment_count": 3,
        "is_anonymous": false,
        "created_at": "2025-04-11 20:28:28.663529+00"
    },
    {
        "id": 83,
        "title": "Park ve bahçelerin durumu kötü",
        "content": "Sabah ve akşam saatlerinde toplu taşıma yetersiz kalıyor. Daha sık sefer konulmasını talep ediyoruz.",
        "user_id": 144,
        "category_id": 9,
        "city_id": 34,
        "district_id": 309,
        "status": "inProgress",
        "type": "problem",
        "likes": 4,
        "highlights": 0,
        "comment_count": 4,
        "is_anonymous": false,
        "created_at": "2025-04-11 20:28:28.663529+00"
    },
    {
        "id": 81,
        "title": "Çevre düzenlemesi yapılması gereken bölgeler",
        "content": "Merkeze giden otobüs hatları çok az ve seyrek. Yeni güzergahlar eklenmesini talep ediyoruz.",
        "user_id": 138,
        "category_id": 5,
        "city_id": 2,
        "district_id": 343,
        "status": "solved",
        "type": "problem",
        "likes": 3,
        "highlights": 0,
        "comment_count": 0,
        "is_anonymous": false,
        "created_at": "2025-04-11 20:28:28.663529+00"
    },
    {
        "id": 88,
        "title": "Şehir aydınlatması sorunu",
        "content": "Bazı sokaklar yeterince aydınlatılmıyor ve bu güvenlik sorunları yaratıyor. Aydınlatma sisteminin güçlendirilmesini istiyoruz.",
        "user_id": 136,
        "category_id": 7,
        "city_id": 2,
        "district_id": 344,
        "status": "rejected",
        "type": "announcement",
        "likes": 4,
        "highlights": 0,
        "comment_count": 3,
        "is_anonymous": false,
        "created_at": "2025-04-11 20:28:28.663529+00"
    },
    {
        "id": 87,
        "title": "Yol çalışmaları ne zaman bitecek?",
        "content": "Sürekli yaşanan su kesintileri günlük hayatımızı olumsuz etkiliyor. Önceden bilgilendirme yapılmasını istiyoruz.",
        "user_id": 142,
        "category_id": 5,
        "city_id": 34,
        "district_id": 302,
        "status": "solved",
        "type": "problem",
        "likes": 2,
        "highlights": 0,
        "comment_count": 0,
        "is_anonymous": false,
        "created_at": "2025-04-11 20:28:28.663529+00"
    },
    {
        "id": 82,
        "title": "Otobüs hatlarının yetersizliği",
        "content": "Sokağımızda günlerdir çöpler toplanmıyor ve kötü koku oluşmaya başladı. Belediyenin bu sorunu acilen çözmesini talep ediyoruz.",
        "user_id": 143,
        "category_id": 5,
        "city_id": 2,
        "district_id": 338,
        "status": "rejected",
        "type": "general",
        "likes": 5,
        "highlights": 0,
        "comment_count": 3,
        "is_anonymous": false,
        "created_at": "2025-04-11 20:28:28.663529+00"
    },
    {
        "id": 84,
        "title": "Çevre düzenlemesi yapılması gereken bölgeler",
        "content": "Okul çıkış saatlerinde trafik çok yoğun oluyor ve bu durum tehlikeli durumlar yaratıyor. Trafik düzenlemesi yapılması gerekiyor.",
        "user_id": 137,
        "category_id": 9,
        "city_id": 34,
        "district_id": 304,
        "status": "solved",
        "type": "announcement",
        "likes": 3,
        "highlights": 0,
        "comment_count": 1,
        "is_anonymous": false,
        "created_at": "2025-04-11 20:28:28.663529+00"
    },
    {
        "id": 86,
        "title": "Otobüs hatlarının yetersizliği",
        "content": "Bazı sokaklar yeterince aydınlatılmıyor ve bu güvenlik sorunları yaratıyor. Aydınlatma sisteminin güçlendirilmesini istiyoruz.",
        "user_id": 137,
        "category_id": 7,
        "city_id": 6,
        "district_id": 353,
        "status": "awaitingSolution",
        "type": "suggestion",
        "likes": 2,
        "highlights": 0,
        "comment_count": 4,
        "is_anonymous": false,
        "created_at": "2025-04-11 20:28:28.663529+00"
    }
]