[
    {
        "id": 4,
        "name": "Test Kullanıcı",
        "email": "test@example.com",
        "password": "ecd71870d1963316a97e3ac3408c9835ad8cf0f3c1bc703527c30265534f75ae",
        "profile_image_url": "https:\/\/i.pravatar.cc\/150?img=3",
        "bio": "Bu bir test kullanıcısı hesabıdır",
        "city_id": 26,
        "district_id": 1,
        "is_verified": true,
        "points": 100,
        "post_count": 0,
        "comment_count": 0,
        "level": "master",
        "created_at": "2025-04-10 09:40:47.801913+00",
        "username": "test"
    },
    {
        "id": 1,
        "name": "Admin",
        "email": "admin@example.com",
        "password": "$2b$10$k55g2qPRBM6SCcW8BM3l1OkTEQoiL.Vgab21jzv8x2ZHIV5uC1Pqe",
        "profile_image_url": null,
        "bio": null,
        "city_id": null,
        "district_id": null,
        "is_verified": true,
        "points": 15,
        "post_count": 0,
        "comment_count": 2,
        "level": "master",
        "created_at": "2025-04-09 18:59:03.2124+00",
        "username": "admin"
    },
    {
        "id": 135,
        "name": "Hüseyin Kaplan",
        "email": "huseyin.kaplan449@example.com",
        "password": "565c3761ee159b4eceb2b3349dd79f0906d3890d6c72c0e0a3ae06581098f912.dd6ddc491eb536dbda303815646a4452",
        "profile_image_url": "https:\/\/randomuser.me\/api\/portraits\/women\/3.jpg",
        "bio": null,
        "city_id": 35,
        "district_id": null,
        "is_verified": false,
        "points": 0,
        "post_count": 0,
        "comment_count": 0,
        "level": "newUser",
        "created_at": "2025-04-11 20:28:28.663529+00",
        "username": "huseyin.kaplan449"
    },
    {
        "id": 136,
        "name": "Erkan Alp",
        "email": "erkan.alp755@example.com",
        "password": "f694278f0c4dc50eb2a32278fe413ec4aabed56f22ec431a182dec3407164442.6cda990659316978ce6f462e3cecef6f",
        "profile_image_url": "https:\/\/randomuser.me\/api\/portraits\/men\/5.jpg",
        "bio": null,
        "city_id": 6,
        "district_id": null,
        "is_verified": false,
        "points": 0,
        "post_count": 0,
        "comment_count": 0,
        "level": "contributor",
        "created_at": "2025-04-11 20:28:28.663529+00",
        "username": "erkan.alp755"
    },
    {
        "id": 137,
        "name": "Hülya Avcı",
        "email": "hulya.avci433@example.com",
        "password": "3c48f1c477aa0ea333386090bf67dbdca4fb408bbc3a23c03d551ce62df16d96.537cd73a7274deb2d0c801bf36302b2a",
        "profile_image_url": "https:\/\/randomuser.me\/api\/portraits\/women\/5.jpg",
        "bio": null,
        "city_id": 6,
        "district_id": null,
        "is_verified": false,
        "points": 0,
        "post_count": 0,
        "comment_count": 0,
        "level": "expert",
        "created_at": "2025-04-11 20:28:28.663529+00",
        "username": "hulya.avci433"
    },
    {
        "id": 138,
        "name": "Esra Öztürk",
        "email": "esra.ozturk858@example.com",
        "password": "2fa24e894b170af0ba74d42bbbd8c80ba218202cfeeb916f45bd9591c3e77108.21096160806c7e0f7393b4ca3313a23e",
        "profile_image_url": "https:\/\/randomuser.me\/api\/portraits\/women\/2.jpg",
        "bio": null,
        "city_id": 2,
        "district_id": null,
        "is_verified": false,
        "points": 0,
        "post_count": 0,
        "comment_count": 0,
        "level": "newUser",
        "created_at": "2025-04-11 20:28:28.663529+00",
        "username": "esra.ozturk858"
    },
    {
        "id": 139,
        "name": "Tuğçe Yıldız",
        "email": "tugce.yildiz794@example.com",
        "password": "668252075e309fb5b24dc0fec773862e56bbf7b8a35b132d9b180c6d0f8674cf.9decf2c11dc3e9e3b488fec0ced13abb",
        "profile_image_url": "https:\/\/randomuser.me\/api\/portraits\/women\/5.jpg",
        "bio": null,
        "city_id": 2,
        "district_id": null,
        "is_verified": false,
        "points": 0,
        "post_count": 0,
        "comment_count": 0,
        "level": "newUser",
        "created_at": "2025-04-11 20:28:28.663529+00",
        "username": "tugce.yildiz794"
    },
    {
        "id": 140,
        "name": "Yusuf Aktaş",
        "email": "yusuf.aktas364@example.com",
        "password": "537134a878b669d09696ef32337d8b1d8957988b011cbab18a04ed3c4ef28c99.27bb492ca5b77cd4688b12773d92e98f",
        "profile_image_url": "https:\/\/randomuser.me\/api\/portraits\/women\/1.jpg",
        "bio": null,
        "city_id": 6,
        "district_id": null,
        "is_verified": false,
        "points": 0,
        "post_count": 0,
        "comment_count": 0,
        "level": "expert",
        "created_at": "2025-04-11 20:28:28.663529+00",
        "username": "yusuf.aktas364"
    },
    {
        "id": 141,
        "name": "Gamze Aktaş",
        "email": "gamze.aktas195@example.com",
        "password": "250d03357214b84e5470e2ebaa53b7963b0451df14d499a111526950a3f84c1c.a3a9c5ae2d6e696e3e50a2179ec082e0",
        "profile_image_url": "https:\/\/randomuser.me\/api\/portraits\/men\/1.jpg",
        "bio": null,
        "city_id": 6,
        "district_id": null,
        "is_verified": false,
        "points": 0,
        "post_count": 0,
        "comment_count": 0,
        "level": "contributor",
        "created_at": "2025-04-11 20:28:28.663529+00",
        "username": "gamze.aktas195"
    },
    {
        "id": 142,
        "name": "Elif Yıldırım",
        "email": "elif.yildirim80@example.com",
        "password": "39bbd9cbd947b3534ba0df16734d72f2b28f554e0832b4d52cdef340e035307a.1541fcab77c3d31c9c5c33f390cdf8f8",
        "profile_image_url": "https:\/\/randomuser.me\/api\/portraits\/women\/1.jpg",
        "bio": null,
        "city_id": 34,
        "district_id": null,
        "is_verified": false,
        "points": 0,
        "post_count": 0,
        "comment_count": 0,
        "level": "newUser",
        "created_at": "2025-04-11 20:28:28.663529+00",
        "username": "elif.yildirim80"
    },
    {
        "id": 143,
        "name": "Emine Duran",
        "email": "emine.duran590@example.com",
        "password": "3c93395ee446c283cd8c1566d90da04b283dfd24729f5e2405a0e03a6e539617.cb9e786191866dd3742e916924e71d16",
        "profile_image_url": "https:\/\/randomuser.me\/api\/portraits\/women\/1.jpg",
        "bio": null,
        "city_id": 2,
        "district_id": null,
        "is_verified": false,
        "points": 0,
        "post_count": 0,
        "comment_count": 0,
        "level": "newUser",
        "created_at": "2025-04-11 20:28:28.663529+00",
        "username": "emine.duran590"
    },
    {
        "id": 144,
        "name": "Ahmet Tekin",
        "email": "ahmet.tekin215@example.com",
        "password": "7a8b584095292d4f43a3044ce22beb8b256944e8dc7fdd3899842537856bd1b7.980bb42e7775ec5adc2e502ef3e45c34",
        "profile_image_url": "https:\/\/randomuser.me\/api\/portraits\/women\/2.jpg",
        "bio": null,
        "city_id": 35,
        "district_id": null,
        "is_verified": false,
        "points": 0,
        "post_count": 0,
        "comment_count": 0,
        "level": "newUser",
        "created_at": "2025-04-11 20:28:28.663529+00",
        "username": "ahmet.tekin215"
    }
]