[
  {
    "id": 85,
    "name": "test",
    "created_at": "2025-04-11T13:00:09.483Z",
    "description": null,
    "population": 0,
    "area": 0,
    "mayor_name": null,
    "mayor_party": null,
    "website": null,
    "phone": null,
    "email": null,
    "social_media": null,
    "problem_solving_rate": 56
  },
  {
    "id": 26,
    "name": "ADANA",
    "created_at": "2025-04-10T00:23:01.107Z",
    "description": "Adana, Akdeniz bolgesinde yer alan, tarihi ve kulturel zenginlikleri olan bir ilimizdir.",
    "population": 2201672,
    "area": 14030,
    "mayor_name": "Zeydan Karalar",
    "mayor_party": "CHP",
    "website": "https://www.adana.bel.tr",
    "phone": "444 0 001",
    "email": "info@adana.bel.tr",
    "social_media": "@adana",
    "problem_solving_rate": 99
  },
  {
    "id": 1,
    "name": "BURDUR",
    "created_at": "2025-04-10T00:23:01.107Z",
    "description": null,
    "population": 0,
    "area": 0,
    "mayor_name": null,
    "mayor_party": null,
    "website": null,
    "phone": null,
    "email": null,
    "social_media": null,
    "problem_solving_rate": 79
  },
  {
    "id": 2,
    "name": "ESKİŞEHİR",
    "created_at": "2025-04-10T00:23:01.107Z",
    "description": null,
    "population": 0,
    "area": 0,
    "mayor_name": null,
    "mayor_party": null,
    "website": null,
    "phone": null,
    "email": null,
    "social_media": null,
    "problem_solving_rate": 17
  },
  {
    "id": 3,
    "name": "ÇANKIRI",
    "created_at": "2025-04-10T00:23:01.107Z",
    "description": null,
    "population": 0,
    "area": 0,
    "mayor_name": null,
    "mayor_party": null,
    "website": null,
    "phone": null,
    "email": null,
    "social_media": null,
    "problem_solving_rate": 71
  },
  {
    "id": 4,
    "name": "OSMANİYE",
    "created_at": "2025-04-10T00:23:01.107Z",
    "description": null,
    "population": 0,
    "area": 0,
    "mayor_name": null,
    "mayor_party": null,
    "website": null,
    "phone": null,
    "email": null,
    "social_media": null,
    "problem_solving_rate": 19
  },
  {
    "id": 5,
    "name": "KOCAELİ",
    "created_at": "2025-04-10T00:23:01.107Z",
    "description": null,
    "population": 0,
    "area": 0,
    "mayor_name": null,
    "mayor_party": null,
    "website": null,
    "phone": null,
    "email": null,
    "social_media": null,
    "problem_solving_rate": 49
  },
  {
    "id": 6,
    "name": "GAZİANTEP",
    "created_at": "2025-04-10T00:23:01.107Z",
    "description": null,
    "population": 0,
    "area": 0,
    "mayor_name": null,
    "mayor_party": null,
    "website": null,
    "phone": null,
    "email": null,
    "social_media": null,
    "problem_solving_rate": 55
  },
  {
    "id": 7,
    "name": "HATAY",
    "created_at": "2025-04-10T00:23:01.107Z",
    "description": null,
    "population": 0,
    "area": 0,
    "mayor_name": null,
    "mayor_party": null,
    "website": null,
    "phone": null,
    "email": null,
    "social_media": null,
    "problem_solving_rate": 72
  },
  {
    "id": 8,
    "name": "KAYSERİ",
    "created_at": "2025-04-10T00:23:01.107Z",
    "description": null,
    "population": 0,
    "area": 0,
    "mayor_name": null,
    "mayor_party": null,
    "website": null,
    "phone": null,
    "email": null,
    "social_media": null,
    "problem_solving_rate": 86
  },
  {
    "id": 9,
    "name": "GÜMÜŞHANE",
    "created_at": "2025-04-10T00:23:01.107Z",
    "description": null,
    "population": 0,
    "area": 0,
    "mayor_name": null,
    "mayor_party": null,
    "website": null,
    "phone": null,
    "email": null,
    "social_media": null,
    "problem_solving_rate": 55
  },
  {
    "id": 10,
    "name": "SAKARYA",
    "created_at": "2025-04-10T00:23:01.107Z",
    "description": null,
    "population": 0,
    "area": 0,
    "mayor_name": null,
    "mayor_party": null,
    "website": null,
    "phone": null,
    "email": null,
    "social_media": null,
    "problem_solving_rate": 46
  },
  {
    "id": 11,
    "name": "BURSA",
    "created_at": "2025-04-10T00:23:01.107Z",
    "description": null,
    "population": 0,
    "area": 0,
    "mayor_name": null,
    "mayor_party": null,
    "website": null,
    "phone": null,
    "email": null,
    "social_media": null,
    "problem_solving_rate": 22
  },
  {
    "id": 12,
    "name": "BAYBURT",
    "created_at": "2025-04-10T00:23:01.107Z",
    "description": null,
    "population": 0,
    "area": 0,
    "mayor_name": null,
    "mayor_party": null,
    "website": null,
    "phone": null,
    "email": null,
    "social_media": null,
    "problem_solving_rate": 94
  },
  {
    "id": 13,
    "name": "ÇANAKKALE",
    "created_at": "2025-04-10T00:23:01.107Z",
    "description": null,
    "population": 0,
    "area": 0,
    "mayor_name": null,
    "mayor_party": null,
    "website": null,
    "phone": null,
    "email": null,
    "social_media": null,
    "problem_solving_rate": 54
  },
  {
    "id": 14,
    "name": "SİNOP",
    "created_at": "2025-04-10T00:23:01.107Z",
    "description": null,
    "population": 0,
    "area": 0,
    "mayor_name": null,
    "mayor_party": null,
    "website": null,
    "phone": null,
    "email": null,
    "social_media": null,
    "problem_solving_rate": 91
  },
  {
    "id": 15,
    "name": "BARTIN",
    "created_at": "2025-04-10T00:23:01.107Z",
    "description": null,
    "population": 0,
    "area": 0,
    "mayor_name": null,
    "mayor_party": null,
    "website": null,
    "phone": null,
    "email": null,
    "social_media": null,
    "problem_solving_rate": 62
  },
  {
    "id": 16,
    "name": "MAĞUSA (KIBRIS)",
    "created_at": "2025-04-10T00:23:01.107Z",
    "description": null,
    "population": 0,
    "area": 0,
    "mayor_name": null,
    "mayor_party": null,
    "website": null,
    "phone": null,
    "email": null,
    "social_media": null,
    "problem_solving_rate": 5
  },
  {
    "id": 17,
    "name": "MERSİN",
    "created_at": "2025-04-10T00:23:01.107Z",
    "description": null,
    "population": 0,
    "area": 0,
    "mayor_name": null,
    "mayor_party": null,
    "website": null,
    "phone": null,
    "email": null,
    "social_media": null,
    "problem_solving_rate": 25
  },
  {
    "id": 18,
    "name": "NİĞDE",
    "created_at": "2025-04-10T00:23:01.107Z",
    "description": null,
    "population": 0,
    "area": 0,
    "mayor_name": null,
    "mayor_party": null,
    "website": null,
    "phone": null,
    "email": null,
    "social_media": null,
    "problem_solving_rate": 17
  },
  {
    "id": 19,
    "name": "KONYA",
    "created_at": "2025-04-10T00:23:01.107Z",
    "description": null,
    "population": 0,
    "area": 0,
    "mayor_name": null,
    "mayor_party": null,
    "website": null,
    "phone": null,
    "email": null,
    "social_media": null,
    "problem_solving_rate": 19
  },
  {
    "id": 20,
    "name": "TOKAT",
    "created_at": "2025-04-10T00:23:01.107Z",
    "description": null,
    "population": 0,
    "area": 0,
    "mayor_name": null,
    "mayor_party": null,
    "website": null,
    "phone": null,
    "email": null,
    "social_media": null,
    "problem_solving_rate": 24
  },
  {
    "id": 21,
    "name": "ADIYAMAN",
    "created_at": "2025-04-10T00:23:01.107Z",
    "description": null,
    "population": 0,
    "area": 0,
    "mayor_name": null,
    "mayor_party": null,
    "website": null,
    "phone": null,
    "email": null,
    "social_media": null,
    "problem_solving_rate": 91
  },
  {
    "id": 22,
    "name": "ANKARA",
    "created_at": "2025-04-10T00:23:01.107Z",
    "description": null,
    "population": 0,
    "area": 0,
    "mayor_name": null,
    "mayor_party": null,
    "website": null,
    "phone": null,
    "email": null,
    "social_media": null,
    "problem_solving_rate": 2
  },
  {
    "id": 23,
    "name": "YOZGAT",
    "created_at": "2025-04-10T00:23:01.107Z",
    "description": null,
    "population": 0,
    "area": 0,
    "mayor_name": null,
    "mayor_party": null,
    "website": null,
    "phone": null,
    "email": null,
    "social_media": null,
    "problem_solving_rate": 10
  },
  {
    "id": 24,
    "name": "ORDU",
    "created_at": "2025-04-10T00:23:01.107Z",
    "description": null,
    "population": 0,
    "area": 0,
    "mayor_name": null,
    "mayor_party": null,
    "website": null,
    "phone": null,
    "email": null,
    "social_media": null,
    "problem_solving_rate": 97
  },
  {
    "id": 25,
    "name": "RİZE",
    "created_at": "2025-04-10T00:23:01.107Z",
    "description": null,
    "population": 0,
    "area": 0,
    "mayor_name": null,
    "mayor_party": null,
    "website": null,
    "phone": null,
    "email": null,
    "social_media": null,
    "problem_solving_rate": 10
  },
  {
    "id": 27,
    "name": "KIRŞEHİR",
    "created_at": "2025-04-10T00:23:01.107Z",
    "description": null,
    "population": 0,
    "area": 0,
    "mayor_name": null,
    "mayor_party": null,
    "website": null,
    "phone": null,
    "email": null,
    "social_media": null,
    "problem_solving_rate": 77
  },
  {
    "id": 28,
    "name": "IĞDIR",
    "created_at": "2025-04-10T00:23:01.107Z",
    "description": null,
    "population": 0,
    "area": 0,
    "mayor_name": null,
    "mayor_party": null,
    "website": null,
    "phone": null,
    "email": null,
    "social_media": null,
    "problem_solving_rate": 51
  },
  {
    "id": 29,
    "name": "MANİSA",
    "created_at": "2025-04-10T00:23:01.107Z",
    "description": null,
    "population": 0,
    "area": 0,
    "mayor_name": null,
    "mayor_party": null,
    "website": null,
    "phone": null,
    "email": null,
    "social_media": null,
    "problem_solving_rate": 78
  },
  {
    "id": 30,
    "name": "DİYARBAKIR",
    "created_at": "2025-04-10T00:23:01.107Z",
    "description": null,
    "population": 0,
    "area": 0,
    "mayor_name": null,
    "mayor_party": null,
    "website": null,
    "phone": null,
    "email": null,
    "social_media": null,
    "problem_solving_rate": 98
  },
  {
    "id": 31,
    "name": "UŞAK",
    "created_at": "2025-04-10T00:23:01.107Z",
    "description": null,
    "population": 0,
    "area": 0,
    "mayor_name": null,
    "mayor_party": null,
    "website": null,
    "phone": null,
    "email": null,
    "social_media": null,
    "problem_solving_rate": 75
  },
  {
    "id": 32,
    "name": "LEFKOŞE (KIBRIS)",
    "created_at": "2025-04-10T00:23:01.107Z",
    "description": null,
    "population": 0,
    "area": 0,
    "mayor_name": null,
    "mayor_party": null,
    "website": null,
    "phone": null,
    "email": null,
    "social_media": null,
    "problem_solving_rate": 82
  },
  {
    "id": 33,
    "name": "AMASYA",
    "created_at": "2025-04-10T00:23:01.107Z",
    "description": null,
    "population": 0,
    "area": 0,
    "mayor_name": null,
    "mayor_party": null,
    "website": null,
    "phone": null,
    "email": null,
    "social_media": null,
    "problem_solving_rate": 24
  },
  {
    "id": 34,
    "name": "ERZİNCAN",
    "created_at": "2025-04-10T00:23:01.107Z",
    "description": null,
    "population": 0,
    "area": 0,
    "mayor_name": null,
    "mayor_party": null,
    "website": null,
    "phone": null,
    "email": null,
    "social_media": null,
    "problem_solving_rate": 30
  },
  {
    "id": 35,
    "name": "ISPARTA",
    "created_at": "2025-04-10T00:23:01.107Z",
    "description": null,
    "population": 0,
    "area": 0,
    "mayor_name": null,
    "mayor_party": null,
    "website": null,
    "phone": null,
    "email": null,
    "social_media": null,
    "problem_solving_rate": 86
  },
  {
    "id": 36,
    "name": "GİRNE (KIBRIS)",
    "created_at": "2025-04-10T00:23:01.107Z",
    "description": null,
    "population": 0,
    "area": 0,
    "mayor_name": null,
    "mayor_party": null,
    "website": null,
    "phone": null,
    "email": null,
    "social_media": null,
    "problem_solving_rate": 39
  },
  {
    "id": 37,
    "name": "ELAZIĞ",
    "created_at": "2025-04-10T00:23:01.107Z",
    "description": null,
    "population": 0,
    "area": 0,
    "mayor_name": null,
    "mayor_party": null,
    "website": null,
    "phone": null,
    "email": null,
    "social_media": null,
    "problem_solving_rate": 65
  },
  {
    "id": 38,
    "name": "KARABÜK",
    "created_at": "2025-04-10T00:23:01.107Z",
    "description": null,
    "population": 0,
    "area": 0,
    "mayor_name": null,
    "mayor_party": null,
    "website": null,
    "phone": null,
    "email": null,
    "social_media": null,
    "problem_solving_rate": 5
  },
  {
    "id": 39,
    "name": "HAKKARİ",
    "created_at": "2025-04-10T00:23:01.107Z",
    "description": null,
    "population": 0,
    "area": 0,
    "mayor_name": null,
    "mayor_party": null,
    "website": null,
    "phone": null,
    "email": null,
    "social_media": null,
    "problem_solving_rate": 18
  },
  {
    "id": 40,
    "name": "KARS",
    "created_at": "2025-04-10T00:23:01.107Z",
    "description": null,
    "population": 0,
    "area": 0,
    "mayor_name": null,
    "mayor_party": null,
    "website": null,
    "phone": null,
    "email": null,
    "social_media": null,
    "problem_solving_rate": 29
  },
  {
    "id": 41,
    "name": "ZONGULDAK",
    "created_at": "2025-04-10T00:23:01.107Z",
    "description": null,
    "population": 0,
    "area": 0,
    "mayor_name": null,
    "mayor_party": null,
    "website": null,
    "phone": null,
    "email": null,
    "social_media": null,
    "problem_solving_rate": 20
  },
  {
    "id": 42,
    "name": "AKSARAY",
    "created_at": "2025-04-10T00:23:01.107Z",
    "description": null,
    "population": 0,
    "area": 0,
    "mayor_name": null,
    "mayor_party": null,
    "website": null,
    "phone": null,
    "email": null,
    "social_media": null,
    "problem_solving_rate": 57
  },
  {
    "id": 43,
    "name": "MALATYA",
    "created_at": "2025-04-10T00:23:01.107Z",
    "description": null,
    "population": 0,
    "area": 0,
    "mayor_name": null,
    "mayor_party": null,
    "website": null,
    "phone": null,
    "email": null,
    "social_media": null,
    "problem_solving_rate": 62
  },
  {
    "id": 44,
    "name": "BALIKESİR",
    "created_at": "2025-04-10T00:23:01.107Z",
    "description": null,
    "population": 0,
    "area": 0,
    "mayor_name": null,
    "mayor_party": null,
    "website": null,
    "phone": null,
    "email": null,
    "social_media": null,
    "problem_solving_rate": 8
  },
  {
    "id": 45,
    "name": "DENİZLİ",
    "created_at": "2025-04-10T00:23:01.107Z",
    "description": null,
    "population": 0,
    "area": 0,
    "mayor_name": null,
    "mayor_party": null,
    "website": null,
    "phone": null,
    "email": null,
    "social_media": null,
    "problem_solving_rate": 17
  },
  {
    "id": 46,
    "name": "MUŞ",
    "created_at": "2025-04-10T00:23:01.107Z",
    "description": null,
    "population": 0,
    "area": 0,
    "mayor_name": null,
    "mayor_party": null,
    "website": null,
    "phone": null,
    "email": null,
    "social_media": null,
    "problem_solving_rate": 51
  },
  {
    "id": 47,
    "name": "ŞIRNAK",
    "created_at": "2025-04-10T00:23:01.107Z",
    "description": null,
    "population": 0,
    "area": 0,
    "mayor_name": null,
    "mayor_party": null,
    "website": null,
    "phone": null,
    "email": null,
    "social_media": null,
    "problem_solving_rate": 80
  },
  {
    "id": 48,
    "name": "MUĞLA",
    "created_at": "2025-04-10T00:23:01.107Z",
    "description": null,
    "population": 0,
    "area": 0,
    "mayor_name": null,
    "mayor_party": null,
    "website": null,
    "phone": null,
    "email": null,
    "social_media": null,
    "problem_solving_rate": 78
  },
  {
    "id": 49,
    "name": "TEKİRDAĞ",
    "created_at": "2025-04-10T00:23:01.107Z",
    "description": null,
    "population": 0,
    "area": 0,
    "mayor_name": null,
    "mayor_party": null,
    "website": null,
    "phone": null,
    "email": null,
    "social_media": null,
    "problem_solving_rate": 80
  },
  {
    "id": 50,
    "name": "KIRKLARELİ",
    "created_at": "2025-04-10T00:23:01.107Z",
    "description": null,
    "population": 0,
    "area": 0,
    "mayor_name": null,
    "mayor_party": null,
    "website": null,
    "phone": null,
    "email": null,
    "social_media": null,
    "problem_solving_rate": 64
  },
  {
    "id": 51,
    "name": "SİİRT",
    "created_at": "2025-04-10T00:23:01.107Z",
    "description": null,
    "population": 0,
    "area": 0,
    "mayor_name": null,
    "mayor_party": null,
    "website": null,
    "phone": null,
    "email": null,
    "social_media": null,
    "problem_solving_rate": 63
  },
  {
    "id": 52,
    "name": "GİRESUN",
    "created_at": "2025-04-10T00:23:01.107Z",
    "description": null,
    "population": 0,
    "area": 0,
    "mayor_name": null,
    "mayor_party": null,
    "website": null,
    "phone": null,
    "email": null,
    "social_media": null,
    "problem_solving_rate": 83
  },
  {
    "id": 53,
    "name": "ŞANLIURFA",
    "created_at": "2025-04-10T00:23:01.107Z",
    "description": null,
    "population": 0,
    "area": 0,
    "mayor_name": null,
    "mayor_party": null,
    "website": null,
    "phone": null,
    "email": null,
    "social_media": null,
    "problem_solving_rate": 12
  },
  {
    "id": 54,
    "name": "AYDIN",
    "created_at": "2025-04-10T00:23:01.107Z",
    "description": null,
    "population": 0,
    "area": 0,
    "mayor_name": null,
    "mayor_party": null,
    "website": null,
    "phone": null,
    "email": null,
    "social_media": null,
    "problem_solving_rate": 9
  },
  {
    "id": 55,
    "name": "BATMAN",
    "created_at": "2025-04-10T00:23:01.107Z",
    "description": null,
    "population": 0,
    "area": 0,
    "mayor_name": null,
    "mayor_party": null,
    "website": null,
    "phone": null,
    "email": null,
    "social_media": null,
    "problem_solving_rate": 48
  },
  {
    "id": 56,
    "name": "BİTLİS",
    "created_at": "2025-04-10T00:23:01.107Z",
    "description": null,
    "population": 0,
    "area": 0,
    "mayor_name": null,
    "mayor_party": null,
    "website": null,
    "phone": null,
    "email": null,
    "social_media": null,
    "problem_solving_rate": 64
  },
  {
    "id": 57,
    "name": "AFYONKARAHİSAR",
    "created_at": "2025-04-10T00:23:01.107Z",
    "description": null,
    "population": 0,
    "area": 0,
    "mayor_name": null,
    "mayor_party": null,
    "website": null,
    "phone": null,
    "email": null,
    "social_media": null,
    "problem_solving_rate": 16
  },
  {
    "id": 58,
    "name": "ARTVİN",
    "created_at": "2025-04-10T00:23:01.107Z",
    "description": null,
    "population": 0,
    "area": 0,
    "mayor_name": null,
    "mayor_party": null,
    "website": null,
    "phone": null,
    "email": null,
    "social_media": null,
    "problem_solving_rate": 12
  },
  {
    "id": 59,
    "name": "AĞRI",
    "created_at": "2025-04-10T00:23:01.107Z",
    "description": null,
    "population": 0,
    "area": 0,
    "mayor_name": null,
    "mayor_party": null,
    "website": null,
    "phone": null,
    "email": null,
    "social_media": null,
    "problem_solving_rate": 66
  },
  {
    "id": 60,
    "name": "YALOVA",
    "created_at": "2025-04-10T00:23:01.107Z",
    "description": null,
    "population": 0,
    "area": 0,
    "mayor_name": null,
    "mayor_party": null,
    "website": null,
    "phone": null,
    "email": null,
    "social_media": null,
    "problem_solving_rate": 87
  },
  {
    "id": 61,
    "name": "NEVŞEHİR",
    "created_at": "2025-04-10T00:23:01.107Z",
    "description": null,
    "population": 0,
    "area": 0,
    "mayor_name": null,
    "mayor_party": null,
    "website": null,
    "phone": null,
    "email": null,
    "social_media": null,
    "problem_solving_rate": 97
  },
  {
    "id": 62,
    "name": "TRABZON",
    "created_at": "2025-04-10T00:23:01.107Z",
    "description": null,
    "population": 0,
    "area": 0,
    "mayor_name": null,
    "mayor_party": null,
    "website": null,
    "phone": null,
    "email": null,
    "social_media": null,
    "problem_solving_rate": 74
  },
  {
    "id": 63,
    "name": "SİVAS",
    "created_at": "2025-04-10T00:23:01.107Z",
    "description": null,
    "population": 0,
    "area": 0,
    "mayor_name": null,
    "mayor_party": null,
    "website": null,
    "phone": null,
    "email": null,
    "social_media": null,
    "problem_solving_rate": 73
  },
  {
    "id": 64,
    "name": "ANTALYA",
    "created_at": "2025-04-10T00:23:01.107Z",
    "description": null,
    "population": 0,
    "area": 0,
    "mayor_name": null,
    "mayor_party": null,
    "website": null,
    "phone": null,
    "email": null,
    "social_media": null,
    "problem_solving_rate": 20
  },
  {
    "id": 65,
    "name": "KASTAMONU",
    "created_at": "2025-04-10T00:23:01.107Z",
    "description": null,
    "population": 0,
    "area": 0,
    "mayor_name": null,
    "mayor_party": null,
    "website": null,
    "phone": null,
    "email": null,
    "social_media": null,
    "problem_solving_rate": 95
  },
  {
    "id": 66,
    "name": "MARDİN",
    "created_at": "2025-04-10T00:23:01.107Z",
    "description": null,
    "population": 0,
    "area": 0,
    "mayor_name": null,
    "mayor_party": null,
    "website": null,
    "phone": null,
    "email": null,
    "social_media": null,
    "problem_solving_rate": 48
  },
  {
    "id": 67,
    "name": "KAHRAMANMARAŞ",
    "created_at": "2025-04-10T00:23:01.107Z",
    "description": null,
    "population": 0,
    "area": 0,
    "mayor_name": null,
    "mayor_party": null,
    "website": null,
    "phone": null,
    "email": null,
    "social_media": null,
    "problem_solving_rate": 3
  },
  {
    "id": 68,
    "name": "ERZURUM",
    "created_at": "2025-04-10T00:23:01.107Z",
    "description": null,
    "population": 0,
    "area": 0,
    "mayor_name": null,
    "mayor_party": null,
    "website": null,
    "phone": null,
    "email": null,
    "social_media": null,
    "problem_solving_rate": 42
  },
  {
    "id": 69,
    "name": "ARDAHAN",
    "created_at": "2025-04-10T00:23:01.107Z",
    "description": null,
    "population": 0,
    "area": 0,
    "mayor_name": null,
    "mayor_party": null,
    "website": null,
    "phone": null,
    "email": null,
    "social_media": null,
    "problem_solving_rate": 78
  },
  {
    "id": 70,
    "name": "DÜZCE",
    "created_at": "2025-04-10T00:23:01.107Z",
    "description": null,
    "population": 0,
    "area": 0,
    "mayor_name": null,
    "mayor_party": null,
    "website": null,
    "phone": null,
    "email": null,
    "social_media": null,
    "problem_solving_rate": 25
  },
  {
    "id": 71,
    "name": "SAMSUN",
    "created_at": "2025-04-10T00:23:01.107Z",
    "description": null,
    "population": 0,
    "area": 0,
    "mayor_name": null,
    "mayor_party": null,
    "website": null,
    "phone": null,
    "email": null,
    "social_media": null,
    "problem_solving_rate": 42
  },
  {
    "id": 72,
    "name": "ÇORUM",
    "created_at": "2025-04-10T00:23:01.107Z",
    "description": null,
    "population": 0,
    "area": 0,
    "mayor_name": null,
    "mayor_party": null,
    "website": null,
    "phone": null,
    "email": null,
    "social_media": null,
    "problem_solving_rate": 16
  },
  {
    "id": 73,
    "name": "VAN",
    "created_at": "2025-04-10T00:23:01.107Z",
    "description": null,
    "population": 0,
    "area": 0,
    "mayor_name": null,
    "mayor_party": null,
    "website": null,
    "phone": null,
    "email": null,
    "social_media": null,
    "problem_solving_rate": 4
  },
  {
    "id": 74,
    "name": "BOLU",
    "created_at": "2025-04-10T00:23:01.107Z",
    "description": null,
    "population": 0,
    "area": 0,
    "mayor_name": null,
    "mayor_party": null,
    "website": null,
    "phone": null,
    "email": null,
    "social_media": null,
    "problem_solving_rate": 97
  },
  {
    "id": 75,
    "name": "KÜTAHYA",
    "created_at": "2025-04-10T00:23:01.107Z",
    "description": null,
    "population": 0,
    "area": 0,
    "mayor_name": null,
    "mayor_party": null,
    "website": null,
    "phone": null,
    "email": null,
    "social_media": null,
    "problem_solving_rate": 61
  },
  {
    "id": 76,
    "name": "BİLECİK",
    "created_at": "2025-04-10T00:23:01.107Z",
    "description": null,
    "population": 0,
    "area": 0,
    "mayor_name": null,
    "mayor_party": null,
    "website": null,
    "phone": null,
    "email": null,
    "social_media": null,
    "problem_solving_rate": 39
  },
  {
    "id": 77,
    "name": "İSTANBUL",
    "created_at": "2025-04-10T00:23:01.107Z",
    "description": null,
    "population": 0,
    "area": 0,
    "mayor_name": null,
    "mayor_party": null,
    "website": null,
    "phone": null,
    "email": null,
    "social_media": null,
    "problem_solving_rate": 65
  },
  {
    "id": 78,
    "name": "KİLİS",
    "created_at": "2025-04-10T00:23:01.107Z",
    "description": null,
    "population": 0,
    "area": 0,
    "mayor_name": null,
    "mayor_party": null,
    "website": null,
    "phone": null,
    "email": null,
    "social_media": null,
    "problem_solving_rate": 85
  },
  {
    "id": 79,
    "name": "TUNCELİ",
    "created_at": "2025-04-10T00:23:01.107Z",
    "description": null,
    "population": 0,
    "area": 0,
    "mayor_name": null,
    "mayor_party": null,
    "website": null,
    "phone": null,
    "email": null,
    "social_media": null,
    "problem_solving_rate": 77
  },
  {
    "id": 80,
    "name": "BİNGÖL",
    "created_at": "2025-04-10T00:23:01.107Z",
    "description": null,
    "population": 0,
    "area": 0,
    "mayor_name": null,
    "mayor_party": null,
    "website": null,
    "phone": null,
    "email": null,
    "social_media": null,
    "problem_solving_rate": 62
  },
  {
    "id": 81,
    "name": "EDİRNE",
    "created_at": "2025-04-10T00:23:01.107Z",
    "description": null,
    "population": 0,
    "area": 0,
    "mayor_name": null,
    "mayor_party": null,
    "website": null,
    "phone": null,
    "email": null,
    "social_media": null,
    "problem_solving_rate": 1
  },
  {
    "id": 82,
    "name": "KIRIKKALE",
    "created_at": "2025-04-10T00:23:01.107Z",
    "description": null,
    "population": 0,
    "area": 0,
    "mayor_name": null,
    "mayor_party": null,
    "website": null,
    "phone": null,
    "email": null,
    "social_media": null,
    "problem_solving_rate": 78
  },
  {
    "id": 83,
    "name": "KARAMAN",
    "created_at": "2025-04-10T00:23:01.107Z",
    "description": null,
    "population": 0,
    "area": 0,
    "mayor_name": null,
    "mayor_party": null,
    "website": null,
    "phone": null,
    "email": null,
    "social_media": null,
    "problem_solving_rate": 84
  },
  {
    "id": 84,
    "name": "İZMİR",
    "created_at": "2025-04-10T00:23:01.107Z",
    "description": null,
    "population": 0,
    "area": 0,
    "mayor_name": null,
    "mayor_party": null,
    "website": null,
    "phone": null,
    "email": null,
    "social_media": null,
    "problem_solving_rate": 58
  }
]