[
  {
    "id": 21,
    "post_id": 83,
    "user_id": 135,
    "content": "Farklı kanallardan da şikayet edelim, sosyal medyadan da duyuralım.",
    "like_count": 0,
    "is_hidden": false,
    "created_at": "2025-04-11T20:28:28.663Z",
    "parent_id": null,
    "is_anonymous": false
  },
  {
    "id": 22,
    "post_id": 86,
    "user_id": 141,
    "content": "Geçen ay da aynı sorun yaşanmıştı, kısa sürede düzeltilmişti. Umarım yine çözülür.",
    "like_count": 0,
    "is_hidden": false,
    "created_at": "2025-04-11T20:28:28.663Z",
    "parent_id": null,
    "is_anonymous": false
  },
  {
    "id": 23,
    "post_id": 80,
    "user_id": 142,
    "content": "Geçen ay da aynı sorun yaşanmıştı, kısa sürede düzeltilmişti. Umarım yine çözülür.",
    "like_count": 0,
    "is_hidden": false,
    "created_at": "2025-04-11T20:28:28.663Z",
    "parent_id": null,
    "is_anonymous": false
  },
  {
    "id": 24,
    "post_id": 83,
    "user_id": 137,
    "content": "Bence bu sorun bir an önce çözülmeli. Çok uzun süredir devam ediyor.",
    "like_count": 0,
    "is_hidden": false,
    "created_at": "2025-04-11T20:28:28.663Z",
    "parent_id": null,
    "is_anonymous": false
  },
  {
    "id": 25,
    "post_id": 83,
    "user_id": 141,
    "content": "Geçen ay da aynı sorun yaşanmıştı, kısa sürede düzeltilmişti. Umarım yine çözülür.",
    "like_count": 0,
    "is_hidden": false,
    "created_at": "2025-04-11T20:28:28.663Z",
    "parent_id": null,
    "is_anonymous": false
  },
  {
    "id": 26,
    "post_id": 86,
    "user_id": 136,
    "content": "Geçen ay da aynı sorun yaşanmıştı, kısa sürede düzeltilmişti. Umarım yine çözülür.",
    "like_count": 0,
    "is_hidden": false,
    "created_at": "2025-04-11T20:28:28.663Z",
    "parent_id": null,
    "is_anonymous": false
  },
  {
    "id": 27,
    "post_id": 88,
    "user_id": 143,
    "content": "Belediyenin çağrı merkezini denediniz mi? Bazen hızlı yanıt veriyorlar.",
    "like_count": 0,
    "is_hidden": false,
    "created_at": "2025-04-11T20:28:28.663Z",
    "parent_id": null,
    "is_anonymous": false
  },
  {
    "id": 28,
    "post_id": 86,
    "user_id": 142,
    "content": "Bu şikayeti destekliyorum, aynı sorundan biz de muzdaripiz.",
    "like_count": 0,
    "is_hidden": false,
    "created_at": "2025-04-11T20:28:28.663Z",
    "parent_id": null,
    "is_anonymous": false
  },
  {
    "id": 29,
    "post_id": 82,
    "user_id": 142,
    "content": "Bu şikayeti destekliyorum, aynı sorundan biz de muzdaripiz.",
    "like_count": 0,
    "is_hidden": false,
    "created_at": "2025-04-11T20:28:28.663Z",
    "parent_id": null,
    "is_anonymous": false
  },
  {
    "id": 30,
    "post_id": 86,
    "user_id": 139,
    "content": "Mahalle muhtarına da bildirdiniz mi? Bazen araya girerek yardımcı olabiliyorlar.",
    "like_count": 0,
    "is_hidden": false,
    "created_at": "2025-04-11T20:28:28.663Z",
    "parent_id": null,
    "is_anonymous": false
  },
  {
    "id": 31,
    "post_id": 85,
    "user_id": 139,
    "content": "Mahalle muhtarına da bildirdiniz mi? Bazen araya girerek yardımcı olabiliyorlar.",
    "like_count": 0,
    "is_hidden": false,
    "created_at": "2025-04-11T20:28:28.663Z",
    "parent_id": null,
    "is_anonymous": false
  },
  {
    "id": 32,
    "post_id": 83,
    "user_id": 143,
    "content": "Bu konuda yapılan bir çalışma var mı? Bilgi sahibi olan var mı?",
    "like_count": 0,
    "is_hidden": false,
    "created_at": "2025-04-11T20:28:28.663Z",
    "parent_id": null,
    "is_anonymous": false
  },
  {
    "id": 33,
    "post_id": 88,
    "user_id": 141,
    "content": "Bu sorunu ben de yaşıyorum. Belediye bu konuyla ilgilenmeli.",
    "like_count": 0,
    "is_hidden": false,
    "created_at": "2025-04-11T20:28:28.663Z",
    "parent_id": null,
    "is_anonymous": false
  },
  {
    "id": 34,
    "post_id": 79,
    "user_id": 135,
    "content": "Mahalle muhtarına da bildirdiniz mi? Bazen araya girerek yardımcı olabiliyorlar.",
    "like_count": 0,
    "is_hidden": false,
    "created_at": "2025-04-11T20:28:28.663Z",
    "parent_id": null,
    "is_anonymous": false
  },
  {
    "id": 35,
    "post_id": 85,
    "user_id": 136,
    "content": "Bence bu sorun bir an önce çözülmeli. Çok uzun süredir devam ediyor.",
    "like_count": 0,
    "is_hidden": false,
    "created_at": "2025-04-11T20:28:28.663Z",
    "parent_id": null,
    "is_anonymous": false
  },
  {
    "id": 36,
    "post_id": 85,
    "user_id": 137,
    "content": "Sorununuzu anlıyorum, bence bir imza kampanyası başlatalım.",
    "like_count": 0,
    "is_hidden": false,
    "created_at": "2025-04-11T20:28:28.663Z",
    "parent_id": null,
    "is_anonymous": false
  },
  {
    "id": 37,
    "post_id": 82,
    "user_id": 144,
    "content": "Bence bu sorun bir an önce çözülmeli. Çok uzun süredir devam ediyor.",
    "like_count": 0,
    "is_hidden": false,
    "created_at": "2025-04-11T20:28:28.663Z",
    "parent_id": null,
    "is_anonymous": false
  },
  {
    "id": 38,
    "post_id": 82,
    "user_id": 139,
    "content": "Bu konuda bir gelişme oldu mu? Bizim bölgede de benzer sıkıntılar var.",
    "like_count": 0,
    "is_hidden": false,
    "created_at": "2025-04-11T20:28:28.663Z",
    "parent_id": null,
    "is_anonymous": false
  },
  {
    "id": 39,
    "post_id": 88,
    "user_id": 136,
    "content": "Bu konuda bir gelişme oldu mu? Bizim bölgede de benzer sıkıntılar var.",
    "like_count": 0,
    "is_hidden": false,
    "created_at": "2025-04-11T20:28:28.663Z",
    "parent_id": null,
    "is_anonymous": false
  },
  {
    "id": 40,
    "post_id": 84,
    "user_id": 143,
    "content": "Bu sorun gerçekten can sıkıcı, yetkililerin dikkate almasını umuyorum.",
    "like_count": 0,
    "is_hidden": false,
    "created_at": "2025-04-11T20:28:28.663Z",
    "parent_id": null,
    "is_anonymous": false
  },
  {
    "id": 41,
    "post_id": 79,
    "user_id": 1,
    "content": "Merhaba",
    "like_count": 0,
    "is_hidden": false,
    "created_at": "2025-04-13T08:11:52.462Z",
    "parent_id": 34,
    "is_anonymous": false
  },
  {
    "id": 42,
    "post_id": 79,
    "user_id": 1,
    "content": "anonim",
    "like_count": 0,
    "is_hidden": false,
    "created_at": "2025-04-13T08:12:06.224Z",
    "parent_id": 34,
    "is_anonymous": true
  }
]