[
  {
    "id": 1,
    "user_id": 135,
    "title": "Yorumunuza yanıt geldi",
    "content": "@admin yorumunuza yanıt verdi: \"Merhaba\"",
    "type": "reply",
    "is_read": false,
    "source_id": 34,
    "source_type": "comment",
    "data": null,
    "created_at": "2025-04-13T08:11:52.727Z"
  },
  {
    "id": 2,
    "user_id": 135,
    "title": "Yorumunuza yanıt geldi",
    "content": "@admin yorumunuza yanıt verdi: \"anonim\"",
    "type": "reply",
    "is_read": false,
    "source_id": 34,
    "source_type": "comment",
    "data": null,
    "created_at": "2025-04-13T08:12:06.489Z"
  }
]