[
  {
    "id": 1,
    "site_name": "ŞikayetVar Yönetim",
    "site_description": "Belediye ve Valilik'e yönelik şikayet ve öneri paylaşım platformu",
    "admin_email": "admin@sikayetvar.com",
    "maintenance_mode": false,
    "email_notifications": true,
    "push_notifications": true,
    "new_post_notifications": true,
    "new_user_notifications": true,
    "api_key": "ca69cdad8162fe78357ffe4e568507db",
    "webhook_url": "https://sikayetvar.com/api/webhook",
    "created_at": "2025-04-11T13:43:28.278Z",
    "updated_at": "2025-04-11T13:43:28.278Z"
  }
]