[
    {
        "id": 11,
        "name": "Bronz Belediye Ödülü",
        "description": "Şikayet çözüm oranı %25 ile %50 arasında olan belediyeler",
        "icon_url": null,
        "badge_url": null,
        "color": "#CD7F32",
        "points": 100,
        "created_at": "2025-04-11 20:30:18.184388",
        "is_system": false,
        "icon": "bronze_medal.png",
        "min_rate": "25.00",
        "max_rate": "49.99",
        "badge_color": "#CD7F32"
    },
    {
        "id": 12,
        "name": "Gümüş Belediye Ödülü",
        "description": "Şikayet çözüm oranı %50 ile %75 arasında olan belediyeler",
        "icon_url": null,
        "badge_url": null,
        "color": "#C0C0C0",
        "points": 200,
        "created_at": "2025-04-11 20:30:18.184388",
        "is_system": false,
        "icon": "silver_medal.png",
        "min_rate": "50.00",
        "max_rate": "74.99",
        "badge_color": "#C0C0C0"
    },
    {
        "id": 13,
        "name": "Altın Belediye Ödülü",
        "description": "Şikayet çözüm oranı %75 ve üzerinde olan belediyeler",
        "icon_url": null,
        "badge_url": null,
        "color": "#FFD700",
        "points": 300,
        "created_at": "2025-04-11 20:30:18.184388",
        "is_system": false,
        "icon": "gold_medal.png",
        "min_rate": "75.00",
        "max_rate": "100.00",
        "badge_color": "#FFD700"
    },
    {
        "id": 14,
        "name": "Bronz Kupa",
        "description": "Sorun çözme oranı %25-49 arası olan belediyeler için verilen otomatik ödül.",
        "icon_url": null,
        "badge_url": null,
        "color": "#CD7F32",
        "points": 50,
        "created_at": "2025-04-12 23:43:12.766874",
        "is_system": true,
        "icon": "bi-trophy",
        "min_rate": "0.00",
        "max_rate": "100.00",
        "badge_color": null
    },
    {
        "id": 15,
        "name": "Gümüş Kupa",
        "description": "Sorun çözme oranı %50-74 arası olan belediyeler için verilen otomatik ödül.",
        "icon_url": null,
        "badge_url": null,
        "color": "#C0C0C0",
        "points": 100,
        "created_at": "2025-04-12 23:43:12.922126",
        "is_system": true,
        "icon": "bi-trophy-fill",
        "min_rate": "0.00",
        "max_rate": "100.00",
        "badge_color": null
    },
    {
        "id": 16,
        "name": "Altın Kupa",
        "description": "Sorun çözme oranı %75 ve üzeri olan belediyeler için verilen otomatik ödül.",
        "icon_url": null,
        "badge_url": null,
        "color": "#FFD700",
        "points": 200,
        "created_at": "2025-04-12 23:43:13.07078",
        "is_system": true,
        "icon": "bi-trophy-fill",
        "min_rate": "0.00",
        "max_rate": "100.00",
        "badge_color": null
    }
]