[
    {
        "id": 1,
        "post_id": 22,
        "url": "https:\/\/images.unsplash.com\/photo-1605600659873-d808a13e4d2f?q=80&w=1000",
        "type": "image",
        "created_at": "2025-04-11 14:08:49.67109+00"
    },
    {
        "id": 2,
        "post_id": 22,
        "url": "https:\/\/images.unsplash.com\/photo-1605600659873-d808a13e4d2f?q=80&w=1000",
        "type": "image",
        "created_at": "2025-04-11 14:08:49.701939+00"
    },
    {
        "id": 3,
        "post_id": 24,
        "url": "https:\/\/images.unsplash.com\/photo-1528262502195-26dfb3c29f8f?q=80&w=1000",
        "type": "image",
        "created_at": "2025-04-11 14:08:50.132075+00"
    },
    {
        "id": 4,
        "post_id": 24,
        "url": "https:\/\/images.unsplash.com\/photo-1528262502195-26dfb3c29f8f?q=80&w=1000",
        "type": "image",
        "created_at": "2025-04-11 14:08:50.152967+00"
    },
    {
        "id": 5,
        "post_id": 26,
        "url": "https:\/\/images.unsplash.com\/photo-1628515334134-870832b6e76a?q=80&w=1000",
        "type": "image",
        "created_at": "2025-04-11 14:08:50.574559+00"
    },
    {
        "id": 6,
        "post_id": 26,
        "url": "https:\/\/images.unsplash.com\/photo-1628515334134-870832b6e76a?q=80&w=1000",
        "type": "image",
        "created_at": "2025-04-11 14:08:50.595358+00"
    },
    {
        "id": 7,
        "post_id": 30,
        "url": "https:\/\/images.unsplash.com\/photo-1549042261-24c2ddb5df68?q=80&w=1000",
        "type": "image",
        "created_at": "2025-04-11 14:08:51.388693+00"
    },
    {
        "id": 8,
        "post_id": 30,
        "url": "https:\/\/images.unsplash.com\/photo-1549042261-24c2ddb5df68?q=80&w=1000",
        "type": "image",
        "created_at": "2025-04-11 14:08:51.410246+00"
    },
    {
        "id": 9,
        "post_id": 32,
        "url": "https:\/\/www.youtube.com\/watch?v=dQw4w9WgXcQ",
        "type": "video",
        "created_at": "2025-04-11 14:08:51.823019+00"
    },
    {
        "id": 10,
        "post_id": 32,
        "url": "https:\/\/www.youtube.com\/watch?v=dQw4w9WgXcQ",
        "type": "video",
        "created_at": "2025-04-11 14:08:51.844078+00"
    },
    {
        "id": 12,
        "post_id": 36,
        "url": "https:\/\/images.unsplash.com\/photo-1526714719019-b3032b5b5aac?q=80&w=1000",
        "type": "image",
        "created_at": "2025-04-11 14:08:52.626214+00"
    },
    {
        "id": 13,
        "post_id": 38,
        "url": "https:\/\/www.youtube.com\/watch?v=a3ICNMQW7Ok",
        "type": "video",
        "created_at": "2025-04-11 14:08:53.045959+00"
    },
    {
        "id": 14,
        "post_id": 38,
        "url": "https:\/\/www.youtube.com\/watch?v=a3ICNMQW7Ok",
        "type": "video",
        "created_at": "2025-04-11 14:08:53.066902+00"
    },
    {
        "id": 15,
        "post_id": 10,
        "url": "https:\/\/picsum.photos\/800\/600",
        "type": "image",
        "created_at": "2025-04-11 14:44:48.276708+00"
    },
    {
        "id": 17,
        "post_id": 7,
        "url": "https:\/\/picsum.photos\/800\/500",
        "type": "image",
        "created_at": "2025-04-11 14:44:58.653445+00"
    },
    {
        "id": 18,
        "post_id": 23,
        "url": "https:\/\/www.youtube.com\/embed\/C0DPdy98e4c",
        "type": "video",
        "created_at": "2025-04-11 14:45:02.367141+00"
    },
    {
        "id": 19,
        "post_id": 5,
        "url": "https:\/\/picsum.photos\/900\/600",
        "type": "image",
        "created_at": "2025-04-11 14:45:06.675292+00"
    },
    {
        "id": 22,
        "post_id": 11,
        "url": "uploads\/1744383142_technology-image-globe_114588-838.jpg",
        "type": "image",
        "created_at": "2025-04-11 14:52:22.89354+00"
    },
    {
        "id": 24,
        "post_id": 12,
        "url": "uploads\/1744400518_1000146158.jpg",
        "type": "image",
        "created_at": "2025-04-11 19:41:58.189622+00"
    }
]