[
    {
        "id": 1,
        "survey_id": 1,
        "text": "Çok memnunum",
        "vote_count": 45
    },
    {
        "id": 2,
        "survey_id": 1,
        "text": "Memnunum",
        "vote_count": 82
    },
    {
        "id": 3,
        "survey_id": 1,
        "text": "Kararsızım",
        "vote_count": 22
    },
    {
        "id": 4,
        "survey_id": 1,
        "text": "Memnun değilim",
        "vote_count": 58
    },
    {
        "id": 5,
        "survey_id": 1,
        "text": "Hiç memnun değilim",
        "vote_count": 93
    },
    {
        "id": 6,
        "survey_id": 2,
        "text": "Çok iyi",
        "vote_count": 35
    },
    {
        "id": 7,
        "survey_id": 2,
        "text": "İyi",
        "vote_count": 46
    },
    {
        "id": 8,
        "survey_id": 2,
        "text": "Ortalama",
        "vote_count": 32
    },
    {
        "id": 9,
        "survey_id": 2,
        "text": "Kötü",
        "vote_count": 54
    },
    {
        "id": 10,
        "survey_id": 2,
        "text": "Çok kötü",
        "vote_count": 27
    },
    {
        "id": 11,
        "survey_id": 3,
        "text": "Çok temiz ve düzenli",
        "vote_count": 81
    },
    {
        "id": 12,
        "survey_id": 3,
        "text": "Yeterince temiz",
        "vote_count": 53
    },
    {
        "id": 13,
        "survey_id": 3,
        "text": "Bazen sorunlar yaşanıyor",
        "vote_count": 91
    },
    {
        "id": 14,
        "survey_id": 3,
        "text": "Genellikle kirli",
        "vote_count": 46
    },
    {
        "id": 15,
        "survey_id": 3,
        "text": "Çok kirli ve düzensiz",
        "vote_count": 78
    }
]