[
    {
        "id": 52,
        "user_id": 142,
        "post_id": 81,
        "comment_id": null,
        "created_at": "2025-04-11 20:28:28.663529+00"
    },
    {
        "id": 53,
        "user_id": 135,
        "post_id": 83,
        "comment_id": null,
        "created_at": "2025-04-11 20:28:28.663529+00"
    },
    {
        "id": 54,
        "user_id": 141,
        "post_id": 83,
        "comment_id": null,
        "created_at": "2025-04-11 20:28:28.663529+00"
    },
    {
        "id": 55,
        "user_id": 139,
        "post_id": 82,
        "comment_id": null,
        "created_at": "2025-04-11 20:28:28.663529+00"
    },
    {
        "id": 57,
        "user_id": 138,
        "post_id": 82,
        "comment_id": null,
        "created_at": "2025-04-11 20:28:28.663529+00"
    },
    {
        "id": 58,
        "user_id": 135,
        "post_id": 86,
        "comment_id": null,
        "created_at": "2025-04-11 20:28:28.663529+00"
    },
    {
        "id": 59,
        "user_id": 136,
        "post_id": 88,
        "comment_id": null,
        "created_at": "2025-04-11 20:28:28.663529+00"
    },
    {
        "id": 60,
        "user_id": 144,
        "post_id": 84,
        "comment_id": null,
        "created_at": "2025-04-11 20:28:28.663529+00"
    },
    {
        "id": 61,
        "user_id": 137,
        "post_id": 84,
        "comment_id": null,
        "created_at": "2025-04-11 20:28:28.663529+00"
    },
    {
        "id": 62,
        "user_id": 141,
        "post_id": 87,
        "comment_id": null,
        "created_at": "2025-04-11 20:28:28.663529+00"
    },
    {
        "id": 63,
        "user_id": 135,
        "post_id": 88,
        "comment_id": null,
        "created_at": "2025-04-11 20:28:28.663529+00"
    },
    {
        "id": 64,
        "user_id": 140,
        "post_id": 88,
        "comment_id": null,
        "created_at": "2025-04-11 20:28:28.663529+00"
    },
    {
        "id": 65,
        "user_id": 140,
        "post_id": 81,
        "comment_id": null,
        "created_at": "2025-04-11 20:28:28.663529+00"
    },
    {
        "id": 66,
        "user_id": 135,
        "post_id": 79,
        "comment_id": null,
        "created_at": "2025-04-11 20:28:28.663529+00"
    },
    {
        "id": 67,
        "user_id": 136,
        "post_id": 82,
        "comment_id": null,
        "created_at": "2025-04-11 20:28:28.663529+00"
    },
    {
        "id": 68,
        "user_id": 142,
        "post_id": 83,
        "comment_id": null,
        "created_at": "2025-04-11 20:28:28.663529+00"
    },
    {
        "id": 69,
        "user_id": 144,
        "post_id": 82,
        "comment_id": null,
        "created_at": "2025-04-11 20:28:28.663529+00"
    },
    {
        "id": 70,
        "user_id": 142,
        "post_id": 85,
        "comment_id": null,
        "created_at": "2025-04-11 20:28:28.663529+00"
    },
    {
        "id": 71,
        "user_id": 140,
        "post_id": 83,
        "comment_id": null,
        "created_at": "2025-04-11 20:28:28.663529+00"
    },
    {
        "id": 73,
        "user_id": 138,
        "post_id": 79,
        "comment_id": null,
        "created_at": "2025-04-11 20:28:28.663529+00"
    },
    {
        "id": 74,
        "user_id": 144,
        "post_id": 81,
        "comment_id": null,
        "created_at": "2025-04-11 20:28:28.663529+00"
    },
    {
        "id": 75,
        "user_id": 137,
        "post_id": 88,
        "comment_id": null,
        "created_at": "2025-04-11 20:28:28.663529+00"
    },
    {
        "id": 77,
        "user_id": 135,
        "post_id": 87,
        "comment_id": null,
        "created_at": "2025-04-11 20:28:28.663529+00"
    },
    {
        "id": 78,
        "user_id": 135,
        "post_id": 82,
        "comment_id": null,
        "created_at": "2025-04-11 20:28:28.663529+00"
    },
    {
        "id": 79,
        "user_id": 139,
        "post_id": 84,
        "comment_id": null,
        "created_at": "2025-04-11 20:28:28.663529+00"
    },
    {
        "id": 80,
        "user_id": 136,
        "post_id": 86,
        "comment_id": null,
        "created_at": "2025-04-11 20:28:28.663529+00"
    },
    {
        "id": 81,
        "user_id": 137,
        "post_id": null,
        "comment_id": 40,
        "created_at": "2025-04-11 20:28:28.663529+00"
    },
    {
        "id": 82,
        "user_id": 143,
        "post_id": null,
        "comment_id": 30,
        "created_at": "2025-04-11 20:28:28.663529+00"
    },
    {
        "id": 83,
        "user_id": 138,
        "post_id": null,
        "comment_id": 36,
        "created_at": "2025-04-11 20:28:28.663529+00"
    },
    {
        "id": 84,
        "user_id": 135,
        "post_id": null,
        "comment_id": 39,
        "created_at": "2025-04-11 20:28:28.663529+00"
    },
    {
        "id": 85,
        "user_id": 140,
        "post_id": null,
        "comment_id": 40,
        "created_at": "2025-04-11 20:28:28.663529+00"
    },
    {
        "id": 86,
        "user_id": 135,
        "post_id": null,
        "comment_id": 25,
        "created_at": "2025-04-11 20:28:28.663529+00"
    },
    {
        "id": 87,
        "user_id": 141,
        "post_id": null,
        "comment_id": 22,
        "created_at": "2025-04-11 20:28:28.663529+00"
    },
    {
        "id": 88,
        "user_id": 139,
        "post_id": null,
        "comment_id": 27,
        "created_at": "2025-04-11 20:28:28.663529+00"
    },
    {
        "id": 89,
        "user_id": 138,
        "post_id": null,
        "comment_id": 32,
        "created_at": "2025-04-11 20:28:28.663529+00"
    },
    {
        "id": 90,
        "user_id": 141,
        "post_id": null,
        "comment_id": 34,
        "created_at": "2025-04-11 20:28:28.663529+00"
    },
    {
        "id": 91,
        "user_id": 140,
        "post_id": null,
        "comment_id": 29,
        "created_at": "2025-04-11 20:28:28.663529+00"
    },
    {
        "id": 92,
        "user_id": 138,
        "post_id": null,
        "comment_id": 37,
        "created_at": "2025-04-11 20:28:28.663529+00"
    },
    {
        "id": 93,
        "user_id": 144,
        "post_id": null,
        "comment_id": 27,
        "created_at": "2025-04-11 20:28:28.663529+00"
    },
    {
        "id": 94,
        "user_id": 140,
        "post_id": null,
        "comment_id": 26,
        "created_at": "2025-04-11 20:28:28.663529+00"
    },
    {
        "id": 95,
        "user_id": 143,
        "post_id": null,
        "comment_id": 35,
        "created_at": "2025-04-11 20:28:28.663529+00"
    },
    {
        "id": 96,
        "user_id": 138,
        "post_id": null,
        "comment_id": 33,
        "created_at": "2025-04-11 20:28:28.663529+00"
    },
    {
        "id": 97,
        "user_id": 140,
        "post_id": null,
        "comment_id": 37,
        "created_at": "2025-04-11 20:28:28.663529+00"
    },
    {
        "id": 98,
        "user_id": 136,
        "post_id": null,
        "comment_id": 39,
        "created_at": "2025-04-11 20:28:28.663529+00"
    },
    {
        "id": 99,
        "user_id": 142,
        "post_id": null,
        "comment_id": 24,
        "created_at": "2025-04-11 20:28:28.663529+00"
    },
    {
        "id": 100,
        "user_id": 141,
        "post_id": null,
        "comment_id": 27,
        "created_at": "2025-04-11 20:28:28.663529+00"
    }
]